id,source,rating,theme,purchase_intent,barrier,user_need,behavior,sentiment,evidence
3a2cfbbb-e521-488c-850a-200f54a33edb,play_store,1,Quality/Trust,Unknown,Quality doubts,Verified reviews with photos,Unknown,Negative,"Very disappointed with the return process. I requested a return over a week ago, and the expected pickup date has already passed with no update. No one has come to collect the item, and my refund is still stuck because of this delay. Such slow and unresponsive service makes it hard to trust shopping here again. Please fix this and process my return/refund immediately."
d4df34a4-a4c4-4db8-b0ef-7c9460019b64,play_store,5,Quality/Trust,High,Quality doubts,Verified reviews with photos,Unknown,Positive,"Great collection, excellent product quality, and fast delivery. The app is easy to use, and the products are exactly as shown. Definitely recommended for a smooth and reliable online shopping experience!"
dd237855-06dd-47cd-b353-49f4171432cc,play_store,1,Other,Unknown,None,None,Purchased,Negative,"I am extremely disappointed with your service. I placed an order 10 days ago, and the item has still not been delivered. Additionally, your support team promised a refund within 20 minutes, but I have not received it yet. Kindly update me on the status of my refund immediately.💔😭"
3aad17aa-d966-464a-a602-b08a10d1671a,play_store,1,Styling/Occasion,Unknown,None,None,Purchased,Negative,"worst app!!! i ordered an outfit from it ( 30 mins ) and it was showing 89 mins fir the outfit to be delivered, but when u checked again it was showing already delivered but i haven't received it and neither the delivery person called me plus I have paid online ( ₹511 ) for that order , now tell me where the hell is my order? I want full refund now, please take some actions on this I have already emailed, please do something either deliver my order or gave me full refund!!!"
3f8a248f-96c4-4854-b255-718074af8d2b,play_store,5,Price/Timing,Unknown,Waiting for discount,Sale notifications,Unknown,Positive,nice aap...nice collection... approximately order nd price is genuine...
7205785f-3f91-48e2-8cbb-bbe647bd2164,play_store,1,Styling/Occasion,Unknown,None,None,Unknown,Negative,"For starters, it took so long to process my order; when I checked, I was told it would arrive on the 27th, but then it was suddenly cancelled. I couldn't wear the clothes for the occasion I had planned for, and I’m really unhappy with my experience with Myntra this time."
90f1f530-0a78-4fff-86b9-38ed00173a63,play_store,1,Other,Unknown,None,None,Unknown,Negative,my order got cancelled without proper refund
d271794e-a715-457e-b899-b9f53f7808ec,play_store,5,Quality/Trust,Unknown,Quality doubts,Verified reviews with photos,Unknown,Positive,best quality product .
fec3c530-476f-49e5-99a4-09962bab6d7a,play_store,5,Quality/Trust,Unknown,Quality doubts,Verified reviews with photos,Unknown,Positive,one of excellent all fashion essentials at one place with genuine quality.
6099f622-7bfa-4aaf-81a2-76afcdc1a051,play_store,5,Styling/Occasion,Unknown,None,None,Unknown,Positive,great shopping app for branded outfit and fashion
ed55be18-0a04-420f-8621-08206d80fb8e,play_store,5,Fit/Size,Unknown,Fit/Size uncertainty,Clearer size guides or AR try-on,Unknown,Positive,It is a good service but size confusion in XL and XXL Roadstar brand.so i am exchange this item. Myntra gives well brand and good service as per my opinion.
2942ff84-8adb-43ad-b02d-02ed8e58f94f,play_store,2,Price/Timing,Unknown,Waiting for discount,Sale notifications,Unknown,Negative,"what's wrong with myntra previously on returning a product myntra used to cut the 20rs platform charges that's understandable even though there are many apps giving all the money back without charging a penny for returning. Now it's almost charging 50rs. that's unfair... even if we'll exchange the product, we're paying the price..."
babd5b51-5f09-42f5-abb3-ba4c2eda5b3b,play_store,5,Price/Timing,Unknown,Waiting for discount,Sale notifications,Unknown,Positive,good easy interface easy to look offer
d193433b-d705-4671-852e-2edae01f2d4e,play_store,5,Price/Timing,Unknown,Waiting for discount,Sale notifications,Unknown,Positive,good for fashion and 👗👕 quality is very good 👍 and price also good thank you myntra🫂🥰
67ac471c-a681-47ba-8754-7df4e737c9c9,play_store,5,Price/Timing,Unknown,Waiting for discount,Sale notifications,Unknown,Positive,Their sales offer genuine discounts on high-end brands that are hard to find at those prices anywhere else.
a983cef7-9cec-434a-9ff7-e755f1f3106d,play_store,1,Other,Low,None,None,Unknown,Negative,"first they send the wrong product and then keep claiming that the right product was sent and refuse to listen to the customer, they don't attach the call to the agent to talk to and say they will call back but never call back and refuse to give a refund. Such poor services for a customer who has been using myntra for such a long time. i won't ever use myntra and I will file a consumer complaint against them."
1cedf4fb-0505-4e4b-aeaa-0fc1c7ed2b3e,play_store,1,Other,Unknown,None,None,Purchased,Negative,one of the worst shopping app I placed my order on 9 aug and I received it after 10-15 days and that too late from expected date ok I let it go after that I placed for exchange request and still they have not delivered my parcel like am I supposed to shop on item for whole month it literally going to be 1 month since I ordered they are giving me expected dates then on that they are not delivering it and showing it's getting delayed on top of that help centre is not solving this too worst app 🤮
4d5ba7af-beff-4bef-b859-e9bccb2a90e5,play_store,5,Quality/Trust,Unknown,Quality doubts,Verified reviews with photos,Unknown,Positive,Mera Sara product ek accha quality 👌 me aaya hai
73e39101-d06d-4011-acb5-87d19751f8a3,play_store,1,Quality/Trust,Low,Quality doubts,Verified reviews with photos,Purchased,Negative,Extreme unprofessional and poor service platform. The app shows false status updates and the customer service executive shows complete unawarnes to the wrong info on the app. The order placed for express delivery show a false status and the product never delivered or attempted by delivery person. The contact number of delivery executive is incorrect or non working number. I would not recommend the trust the app or the myntra platform.
427ff322-9b15-4a14-a51f-367e79d10161,play_store,5,Other,Unknown,None,None,Unknown,Positive,I just loved their refund policy fastest refund than other
496d30fe-9c4b-4e7e-a9c7-6a778730c5fa,play_store,1,Other,Unknown,None,None,Unknown,Negative,"Order exchange failures due to missing items, seal mismatch, etc stupidity has been frustrating and customer support is a 100% useless"
3b0e330d-1271-416f-873c-06d4c026909b,play_store,5,Quality/Trust,Unknown,Quality doubts,Verified reviews with photos,Unknown,Positive,"really myntra is best for shopping,quality is very good"
0ee496c0-b0d1-4246-8b96-d3a43f65a800,play_store,5,Quality/Trust,Unknown,Quality doubts,Verified reviews with photos,Unknown,Positive,"one of the best shopping apps, quality of the products 10 on 10"
5a3a101c-b77e-4fe2-be15-f2dd51bb2542,play_store,1,Price/Timing,Low,Waiting for discount,Sale notifications,Purchased,Negative,"1. Selected product for purchase, but price increased suddenly 2. They never keep negative comments, I received a defective product so I shared a review comment, but they rejected 3. A product was showing price ₹699 2 year's back, 2 months back it was ₹1000 but I recently found the same product ₹450. This is huge variations. 4. If you receive the defective product, still they will charge you the Platform fee. crux : Myntra chor hai"
89cbb4a1-96d5-49ef-aff8-0cd20fb265df,play_store,5,Price/Timing,Unknown,Waiting for discount,Sale notifications,Unknown,Positive,branded products affordable price
4a488ef1-4486-4c72-9235-987171b46845,play_store,1,Quality/Trust,Unknown,Quality doubts,Verified reviews with photos,Purchased,Negative,"horrible horrible! I ordered 3 button down collar shirts received 2 numbers poor quality without button down, not matching the advestised photo. Paid 1000rs for each shirt received shirt worth less than 400rs, not worth the money. Tried to leave a poor review on the app, the review was rejected"
b55ba642-626b-475e-b4e2-b674cea35a52,play_store,5,Other,Unknown,None,None,Unknown,Positive,very nice app for budget friendly buy
8e71f6a4-ef8f-4d75-843e-565ae52246dc,play_store,5,Other,Unknown,None,None,Unknown,Positive,"Tried many others but shopping on myntra is the best with the most versatile collections. Wonderful experience shopping on the app. The entire process has always been extremely smooth. The deliveries are prompt, and even the return process is quick and completely hassle-free—just a simple click. What impressed me most was the speed of the refunds... the amount was credited within hours on the very same day. Overall, it has been an amazing shopping experience guaranteed. 😊"
35d719e7-c6f1-4e59-ba52-923443720ab1,play_store,5,Quality/Trust,Unknown,Quality doubts,Verified reviews with photos,Unknown,Positive,Authentic and quality products always 😊
6d0b1ab0-0ea5-465c-b947-40a5181b47c3,play_store,1,Price/Timing,Unknown,Waiting for discount,Sale notifications,Unknown,Negative,worst customer care service... wrong product delivery... exchange offer is worst
7a70ba9b-74ba-499e-8109-ed677f91e967,play_store,1,Other,High,None,None,Unknown,Negative,"worst app never using this again. i wanted a refund and to get a refund they have specifically made the refund to bank option so painfully annoying that many people would just choose to get their money back as myntra credits(that can only used in myntra). In order to get the money back in bank you have to enter all your bank details, and when you switch app to check them they again refresh the entire app and send you to home. This is intentionally done to make it hard to get back your money"
2348b038-56db-44b1-bece-4b0179abcff7,play_store,1,Social Validation,Low,None,None,Unknown,Negative,"this is a waste and worst app , my order is getting delayed since one month , no specific reason ,no proper responce from the team , very worst shopping experience with myntra ,i recommend you to stop shopping from this app. very worst experience with myntra"
046560fb-5a52-47fd-b175-9017ac0d271f,play_store,5,Quality/Trust,Unknown,Quality doubts,Verified reviews with photos,Unknown,Positive,the fabric quality is so good very comfortable and soft material
7929e2df-4ae5-473a-9e7a-6bace4c12094,play_store,1,Other,Unknown,None,None,Unknown,Negative,"The return parcel was already picked up by the delivery person, but the return status is still showing as ‘Return Failed’. I even contacted customer support, but the status has not been updated yet. Today, I received another message asking me to return the parcel. This is very disappointing and inconvenient, and I have not received my refund yet. I have had a very bad experience with this app. I will avoid ordering anything from here again in the future."
6e130ea7-c07f-487c-a946-0c8306e83eb9,play_store,1,Quality/Trust,Unknown,Quality doubts,Verified reviews with photos,Purchased,Negative,"Delivered wrong product and now not ready to pickup the return, saying that the product is not matched the original product. Are they out of their mind???"
d76c8d32-5eb7-449e-afb4-418cfbc57fbe,play_store,5,Quality/Trust,Unknown,Quality doubts,Verified reviews with photos,Unknown,Positive,This is the best shopping app I have ever seen in my entire life best app to use for shipping all the items are of best quality and affordable 😁
e0a58e4d-53de-4d7d-b8a9-7df2207235e4,play_store,5,Quality/Trust,Unknown,Quality doubts,Verified reviews with photos,Unknown,Positive,Quality is worthy for money.
b3acdcb6-62bf-4474-b8fc-12deef7b3504,play_store,1,Other,Low,None,None,Unknown,Negative,i never got my refund... consecutively I returned three items of which I have not gotten the refund till now.I'm losing faith in this website as i was very regular customer!
c5bb991a-b2f8-4712-8ffe-eb136c09253f,play_store,1,Styling/Occasion,Unknown,None,None,Purchased,Negative,"I ordered a silver chained rakhi but received a normal threaded rakhi.This is completely unacceptable. The product image and description do not match what was delivered. I have been trying to contact customer support but no proper response. Worst experience ordering from Myntra... Now Myntra is also doing such scams which is not acceptable at all... The seller ""DeoDap"" is not authentic. Scammers are now doing their business in Myntra nd spoiling the image of the app..."
963bbf30-a3bd-40b7-bc12-15356151715a,play_store,1,Other,Unknown,None,None,Purchased,Negative,"I had a very disappointing experience with this app. My return request was kept on hold for 7 days, and despite repeatedly contacting customer support, my issue was not resolved. I spoke with multiple levels of support, including a junior representative, senior representative, and manager. Unfortunately, none of them properly listened to or understood my concern. They repeatedly insisted that the correct product was delivered instead of addressing the actual issue I raised.The biggest problem"
d34fda9f-c95a-406c-917c-127a7fafd544,play_store,5,Quality/Trust,Unknown,Quality doubts,Verified reviews with photos,Unknown,Positive,"I love to shop on myntra especially for clothes, their quality is great. Overall a very good experience."
417247b4-adef-451c-8c32-b7f3583b54d9,play_store,1,Other,Unknown,None,None,Unknown,Negative,Return product ke liye delivery person parcel recieve karne hi na aa raha... 3 din ho gaye aaj..totally disappointed 😞
49762eda-e37a-4a0f-ba22-e0cbe7de09f2,play_store,1,Other,Unknown,None,None,Unknown,Negative,"Very disappointing experience with Myntra’s return process. I placed order, and I have been trying to initiate a return. However, every time the delivery agent arrives and enters the seal tag code, the system shows it as “incorrect,” and the return pickup fails. This has already happened three times. Now I’m stuck with the product and potentially have to bear the loss because of a technical/system issue that is clearly not caused by me. What’s even more frustrating is Myntra’s customer support"
b5294115-81a4-4977-9365-7a9965ff6747,play_store,1,Quality/Trust,Unknown,Quality doubts,Verified reviews with photos,Unknown,Negative,very bad delivery services booked a serum a week ago on delivery day nobody called or nothing the next Day it says delivery cancelled too bad app go for other apps instead of these fake apps 💩 given one star because needs 1 star to write the review
5421ea6c-8dba-42c5-b89c-1feb3ba142f4,play_store,4,Quality/Trust,Unknown,Quality doubts,Verified reviews with photos,Unknown,Positive,good material 👍
5a62218e-5b17-4775-93d9-083274347eb7,play_store,4,Quality/Trust,Unknown,Quality doubts,Verified reviews with photos,Unknown,Positive,best quality
acb5b20c-615c-45ef-94eb-ee31d67b2825,play_store,1,Other,Unknown,None,None,Unknown,Negative,I get product but item was missing ana I didn't get my refund and your customers service is very bad
fdca8e65-f48c-4431-9f90-f6e628d9b770,play_store,1,Fit/Size,Unknown,Fit/Size uncertainty,Clearer size guides or AR try-on,Unknown,Negative,I will give 0 review for service... Maine Mera dusra mobile pain myntra login Kiya Tha or order vhi Kiya Tha achanak Mera account deactivate Kar diya gya .. Jo cloth main order Kiya o mujhe exchange karna Tha size thik nehi Aya Tha.. Jo main nehi Kar Pai... bohot bar main Kiya.. but kuch response nehi Aya 7 days main resolve hoga bolke kuch nehi Kiya gya ..koi call vhi nehi Aya ir call receive vhi nehi kya gya .. or avhi tak Mera account deactivate hain .. . ghatiya experience..
2b232afc-82e1-4c3d-a451-4f7f4c38e5f8,play_store,5,Price/Timing,Unknown,Waiting for discount,Sale notifications,Unknown,Positive,App for great fashion brands at affordable price
20f71647-5627-461b-b4dd-5a5e52f6b7ff,play_store,1,Quality/Trust,Unknown,Quality doubts,Verified reviews with photos,Unknown,Negative,the quality of all shrits and pants are worth to the money suggested to buy
85b0452f-b93b-4588-bccb-3890fb9848ca,play_store,1,Other,Unknown,None,None,Unknown,Negative,fast time order keli tyath pan let ani ata maje cash parth karth nahi ani tyan cha helping no. pan nahi lagth ya pakhsha meesho 10 pattin chagal aap ahe 3rd class app😡😡😡😡😡 frod aap maje 646 rs. budhavlith yani nahi delia refund
c6a4a649-61ea-489e-9062-c70e0b348b84,play_store,5,Quality/Trust,Unknown,Quality doubts,Verified reviews with photos,Unknown,Positive,quality with quantity within appropriate amount
8164ef11-effa-4aa8-9e6f-628fc1d435aa,play_store,1,Quality/Trust,Unknown,Quality doubts,Verified reviews with photos,Unknown,Negative,"Left Myntra within just one month because of huge losses. I had a very disappointing experience with the delivery and return process. In my experience, I faced cases where delivery personnel allegedly stole the original products, after which the orders were cancelled/returned, leaving me with the loss. As a seller, this experience was extremely frustrating and financially unsustainable. I would strongly recommend other sellers don't come on myntra"
e13281a8-35e5-48f9-aa7e-f0b189d35d1c,play_store,5,Quality/Trust,Unknown,Quality doubts,Verified reviews with photos,Unknown,Positive,quality good and service good 😊😊
493c9eb0-01e9-43e9-9a14-0b253357dd0f,play_store,5,Quality/Trust,Unknown,Quality doubts,Verified reviews with photos,Unknown,Positive,delivery is so fast it doesn't get late anytime... n quality of the product is top notch is love using Myntra
758f6ce2-4600-46be-8671-071b9cc069ab,play_store,5,Other,Unknown,None,None,Unknown,Positive,the best budget app
47b0a225-47b0-4fe6-8b44-11f8c485950c,play_store,5,Price/Timing,Unknown,Waiting for discount,Sale notifications,Unknown,Positive,since from 2 years I'm using myntra amazing products with best price
b013abac-bc28-4588-bb50-9ad20a0e2550,play_store,5,Quality/Trust,Unknown,Quality doubts,Verified reviews with photos,Unknown,Positive,Always deliver a good quality of clothes.
64d3e810-301c-481f-829e-2f81e00f2e7f,play_store,5,Quality/Trust,Unknown,Quality doubts,Verified reviews with photos,Purchased,Positive,order delivered very faster and quality was too good love myntra superb quality
97f3dd84-ecb4-49e0-a4ba-36c545fddf14,play_store,5,Quality/Trust,Unknown,Quality doubts,Verified reviews with photos,Unknown,Positive,one of the bestshooping application I am ever using is myntra. the quality is always at its finest
62f2d17d-3036-450f-a579-205c2f4d071c,play_store,5,Quality/Trust,Unknown,Quality doubts,Verified reviews with photos,Unknown,Positive,I love this app. All the products quality are awesome. Trending products and offers always available in the festive season.
1f6f3432-5859-4a3c-8227-fef5f1e0eff0,play_store,1,Quality/Trust,Unknown,Quality doubts,Verified reviews with photos,Unknown,Negative,"worst app. low quality items and delay in refunds. i am ordering black + 34 your seller sending grey +30 , 3 times and then u make delay in pickup , delay in refunds...idiotic app."
c31721cb-276d-4ce3-a795-917df75cdd2d,play_store,4,Price/Timing,Unknown,Waiting for discount,Sale notifications,Unknown,Positive,good app i love his sign up offer🤩
b3e668dd-af77-4eb1-8637-50cc1af5d9b9,play_store,5,Price/Timing,Unknown,Waiting for discount,Sale notifications,Unknown,Positive,Timely deliveries with best price
02457b28-116e-4eb5-99aa-a4a3de3bec34,play_store,1,Styling/Occasion,Unknown,None,None,Unknown,Negative,"extremely disappointed experience lately, my order are being cancelled ,after showed delay for days. it's extremely frustrating when we order thing for an occasion and it suddenly got cancelled before an event. Myntra really need to look into it."
ae8d020d-2763-43f3-8157-9e3613ebea1b,play_store,5,Price/Timing,Unknown,Price too high,Price drop alerts or cheaper alternatives,Unknown,Positive,very expensive app You are doing a very good job 😀👍🏻
41ac0c7a-4051-4775-b745-aec5146768f7,play_store,1,Social Validation,Unknown,None,None,Unknown,Negative,"Their refund policy is very poor. They provide a reference number for refunds that haven’t been credited and ask customers to check with their bank. This wastes both time and money. In my case, I have to travel 200 km to my hometown bank just to check why my refund hasn’t been credited."
972f6a36-0bc5-4bcb-9adc-1f4991989ca5,play_store,5,Price/Timing,Unknown,Waiting for discount,Sale notifications,Unknown,Positive,reasonable price and good product availablity
4004fbd4-8931-464e-bad9-f4dd6afc2426,play_store,5,Quality/Trust,High,Quality doubts,Verified reviews with photos,Purchased,Positive,I prefer Myntra for fashion products. Quality of fabrics bought from Myntra are always the best. I like it. Thank you Myntra.
df0eec88-48ad-433f-ad3d-31930b78d061,play_store,1,Other,Unknown,None,None,Delayed purchase,Negative,"I order by seeing express delivery, exact date needed , but common that's a complete lie 🤥 I feel frustrated , and cheated , I mean if you can't do it on the perticular time or date just don't promise that , how can count on you , and after all this inconvenience I am not able to talk with delivery person , not able to connect with consumer services, and okay I will cancel and will get refund but what that waiting period, what about mental discomfort I felt with this purchase."
c5219aca-bc2d-4647-9f01-e47c5762bdfc,play_store,5,Styling/Occasion,Unknown,None,None,Unknown,Positive,best app for buying cosmetics and outfit
9b6c67a0-080c-491b-9fa9-14eb6f993749,play_store,5,Price/Timing,Unknown,Waiting for discount,Sale notifications,Unknown,Positive,Very good online store with a reasonable price and hassle-free orders.
b053dd4b-7af8-4682-8786-2b8092021e3e,play_store,5,Quality/Trust,Unknown,Quality doubts,Verified reviews with photos,Unknown,Positive,quality is very same as photo
cd55709f-ae67-486a-8a26-43b1f261b612,play_store,1,Quality/Trust,Unknown,Quality doubts,Verified reviews with photos,Unknown,Negative,"pls dont buy any product its not good quality, i perched one shert its not good and i request for return but they not taken they postpone and 7 days complete im return cancel like this they doing"
f57d72de-5a1c-4c4e-b598-dbaf2d91cea0,play_store,1,Quality/Trust,Unknown,Quality doubts,Verified reviews with photos,Unknown,Negative,"Very disappointing experience with Myntra. I received my Big Foz ankle-length boots on 12th Aug and requested a refund due to poor quality. The pickup agent collected both the boots and my jeans on 17th Aug, but I received a refund only for the jeans. The agent falsely reported that he didn’t collect the boots. I’ve been trying to contact customer support for 2 weeks with no proper response. No refund, no update, and no resolution. Really shameful customer service and a total disappointment."
faaa5142-5ba2-4949-8c67-e3cd06f82808,play_store,1,Other,Unknown,None,None,Unknown,Negative,worst in changing bank details and customer service sucks...i can't even chnage my back details and cause of that i got my refund in a bank account that isn't even my anymore.
266d7385-2475-4c19-82ab-539bb8d659df,play_store,5,Quality/Trust,Unknown,Quality doubts,Verified reviews with photos,Unknown,Positive,very good in quality fabric very soft and durable .. Rubber qualify looks fine
a97e3ea8-18f3-4db0-ab2d-e8815d30a3f1,play_store,1,Price/Timing,Low,Waiting for discount,Sale notifications,Unknown,Negative,"Genuinely the worst online shopping experience I've had. Product quality is nowhere close to what's shown in photos — items look cheap and different from the listing. Delivery is unreliable, with delays and no proper updates on order status. Getting a refund or return processed is a nightmare — it takes forever and sometimes doesn't happen at all. And when you try to reach customer service, you either get generic copy-paste replies or no real resolution at all. Extremely frustrating and a waste"
069c8e2f-1fd8-4738-a71b-31d97aa5d808,play_store,5,Price/Timing,High,Waiting for discount,Sale notifications,Purchased,Positive,"⭐⭐⭐⭐⭐ I bought these slippers and I’m really happy with them! The quality is excellent, they are very comfortable to wear, and the design looks stylish too. Perfect for daily use and definitely worth the price. Highly recommended! 👍😊"
32014453-d9d5-42e6-a89d-cb83cbc99631,play_store,1,Core Wishlist/Save,Unknown,None,None,Wishlist/save,Negative,Remove Wishlist Limit
188752fc-3cd6-4c9f-8519-d9424c391e52,play_store,5,Quality/Trust,Unknown,Quality doubts,Verified reviews with photos,Unknown,Positive,veryy nice quality products
8b1322fa-16a3-4ce1-ac39-1fdc6495d280,play_store,5,Quality/Trust,Unknown,Quality doubts,Verified reviews with photos,Unknown,Positive,best quality
b7a3e0ae-8e61-4a7d-9f40-37929d4a639d,play_store,1,Other,Low,None,None,Delayed purchase,Negative,"Extremely disappointing experience with Myntra. I’ve been trying to return a jogger jeans for the last 10 days, but the delivery executive repeatedly fails to turn up and keeps cancelling the pickup. I’ve contacted customer support 4–5 times, but nobody has provided a proper resolution. I’ve received no calls, only assurances that the pickup will happen, which never does. I’m still waiting for my refund. This is not my fault, and Myntra needs to take responsibility and resolve this immediately."
2040b5d3-a649-453f-871d-ff6cb1b6725a,play_store,1,Fit/Size,Unknown,Fit/Size uncertainty,Clearer size guides or AR try-on,Delayed purchase,Negative,"Very bad experience. I ordered a shirt, but unfortunately, the size was incorrect. Since I had used a ₹50 coupon, the return option was not available, so I opted for an exchange instead. However, after waiting 15 days with the exchange still in progress, they suddenly cancelled the exchange. There was no proper explanation or clarity. They simply said, “Sorry, we are unable to deliver the order.” Is this the way to handle a customer’s issue?"
a218a828-cfa4-4afa-af7c-1267457f9fd9,play_store,1,Quality/Trust,Low,Quality doubts,Verified reviews with photos,Purchased,Negative,"I ordered t shirt from myntra. But I didn't received. But, they simply said, u received your order. The customer care number also not response properly. My money and amount are totally waste. I enquired help center. They also not doing anything effectively. All of you be aware. Don't trust."
03460ba7-42b2-459d-8b41-0c32c7da71e1,play_store,1,Core Wishlist/Save,Unknown,None,None,Wishlist/save,Negative,"There is a LIMIT on how many items you can add to your WISHLIST. I like to wishlist a lot to compare them with each other before deciding what to buy. This limit makes it harder to shortlist, and narrows down the options. I enjoy browsing through clothing and wishlisting items on myntra ,it’s almost a hobby for me .Please consider increasing the limit or allowing users to wishlist unlimited items. 9/10 app Btw"
16e28580-e7df-45db-81f8-940551b88e42,play_store,1,Fit/Size,Unknown,Fit/Size uncertainty,Clearer size guides or AR try-on,Purchased,Negative,"myntra has the worst customer care service ... there is no refund for cash on delivery itseems ... how nonsense it is !!! when I tried to change the shirt which I ordered smaller size , the exchange has not done yet and no proper service ... my money also went ... and my time got wasted ... I will file an fir regarding this in the nearest police station"
18b844df-4020-4cfa-89ee-24e2c4acda14,play_store,5,Quality/Trust,Low,Quality doubts,Verified reviews with photos,Unknown,Positive,"> Excellent shopping experience! The app runs very smoothly, huge collection, easy navigation and super fast delivery. Love the quality and offers. Highly recommended! > Best fashion app ever! Easy to use, great deals and always reliable. 5 stars! > Myntra is my go-to for fashion. App is very reliable, never crashe"
5e1545ee-a6e9-40ac-93e2-9469e308c078,play_store,5,Quality/Trust,Unknown,Quality doubts,Verified reviews with photos,Unknown,Positive,"All stuff is original and in good quality, worth buying from myntra😍"
d7806d03-2cbc-4576-bed4-da6f4746ed0c,play_store,2,Other,Unknown,None,None,Delayed purchase,Negative,"worst experience, waiting for exchange since 26days, tv ad is ad not real."
e36f1bd7-44a8-43c3-8990-04ac60653593,play_store,5,Price/Timing,Unknown,Price too high,Price drop alerts or cheaper alternatives,Unknown,Positive,MYNTRA IS MANTRA. Because a quality Branded dream products purchased at Very low cost.
d719acf9-f44f-46c9-81e1-83412db47425,play_store,4,Price/Timing,Unknown,Waiting for discount,Sale notifications,Unknown,Positive,Good app for quality product and reasonable price.
f0d31b9e-b0b0-4fc7-b1b1-1ba593d77255,play_store,1,Other,Unknown,None,None,Unknown,Negative,why Myntra was deactivated my account without my permission what can i do for return the product who i purchased recently.
eac357eb-ac4f-4b62-87fb-2d2e468c2f05,play_store,5,Price/Timing,Unknown,Waiting for discount,Sale notifications,Unknown,Positive,best and affordable price premium products thanks myntra I am satisfied 👍😍
d8599ca4-827e-48ef-b2a2-dd2faf173b5d,play_store,1,Price/Timing,High,Waiting for discount,Sale notifications,Unknown,Negative,"Itna ghatia product kaha se laate ho aap??i wanted to return a product from Moda rapido but due to my busy schedule , I just missed it and was forced to keep the cheap roadside product with me...it's such a waste of my money.Mann toh kar raha hai ki sellers k muh par de kar maaru aisa cheap product..Shame on u Myntra😏😏..U guys just need to stop ur own brands like Moda rapido, dressberry, roadster, Abouk and all or just improve the quality..u just Selling the same product with different names."
7b6a1d4d-0d30-4ec2-b3ad-e5cd260ed2b5,play_store,1,Price/Timing,Unknown,Waiting for discount,Sale notifications,Unknown,Negative,cheated with fake discount offers
ba0b0251-b67c-4203-99dd-7c17bea60b06,play_store,5,Price/Timing,Unknown,Waiting for discount,Sale notifications,Unknown,Positive,very good app cloth quality is very well price range is also good so buy clothes and etc with myntra go for it 😊👌🏻
fbcc4781-38a4-4ad5-93e6-c0dd4e275fe7,play_store,5,Quality/Trust,Unknown,Quality doubts,Verified reviews with photos,Unknown,Positive,"liked it for the quality , please maintain the quality aesthetic forever , timely delivery and great options"
c8099f7c-fdd9-4811-ac00-9986561ede1a,play_store,5,Price/Timing,Unknown,Waiting for discount,Sale notifications,Unknown,Positive,Myntra offers excellent products to it's customers. They offer good delivery hassle-free service for it's customers. Myntra gives amazing discounts to it's customers too.
7bc5af24-24f9-4804-81ce-754c7a3d9c87,play_store,4,Price/Timing,Unknown,Waiting for discount,Sale notifications,Unknown,Positive,best platform for shopping with affordable price and good quality products
9fba72ed-b3cc-4bc7-9513-df119a51427e,play_store,1,Price/Timing,High,Waiting for discount,Sale notifications,Purchased,Negative,The reject/delete any negative reviews of products lsited on their app. Majority of products listed have AI generated images which do not match the actual product. Even most of the original products sold are 2-3 years old stock bought in bulk on a discount or first copies. Products sold are fake or misleading so much so that even return is a hassle as its rejected for being a fake product.
257a209e-bc38-4376-bb7f-65d285cae5ed,play_store,5,Price/Timing,Unknown,Waiting for discount,Sale notifications,Unknown,Positive,"I rate 10/10. The app run too good in the phone.I used the app past year i face non of the problem in this app.Customer support team talk with kind and calm. the app support very fast dilevery. the product i receive at very good and affordable price. now, i am (insider member+UGC creater)i think app should gave me PR package. Thanks for read"
32b46191-6db7-4741-8d72-2c385815dc11,play_store,4,Quality/Trust,Unknown,Quality doubts,Verified reviews with photos,Unknown,Positive,the quality of products 10/10 and the process to buy it is so easy
bba32837-db4b-467e-92be-fa6a0368012e,play_store,5,Quality/Trust,Unknown,Quality doubts,Verified reviews with photos,Unknown,Positive,"Really happy with my Myntra shopping experience. The products are good quality, exactly as shown, and there’s a great variety to choose from."
c37f5e25-1d3d-4ac8-8011-bbee616d7ed6,play_store,1,Other,Low,None,None,Purchased,Negative,"Never shopping on Myntra again. I ordered for items that were eligible for return. Once I requested returns, the pickup kept getting postponed, then cancelled. I reached out to customer care multiple time over the past 3 days. Explained the same story n number of times to the AI chatbot, customer executives, senior customer executives. They kept 'raising complaints' on 'top priority basis', only for me to receive return cancellation messages a few hours after the calls."
81d4dd02-e711-4a95-b609-e34550836410,play_store,5,Quality/Trust,Unknown,Quality doubts,Verified reviews with photos,Unknown,Positive,sopping so simple and good products quality delivery so fast and nice
29054f8c-ba04-4e23-8632-94f1b5947cd2,play_store,1,Fit/Size,High,Fit/Size uncertainty,Clearer size guides or AR try-on,Unknown,Negative,"will never buy from this stupid app. I wanted to return the order. Return order was supposed to expire on August 25, my return request was on August 24. however on August 26, it's shown my return request is cancelled. Now I'm unable to return. What now I have to do with the product which doesn't fit my size that too order ed 26 what I have received is 3XL. What kind of behaviour is this"
1d0ea702-91bc-40cb-833d-e09bee4c387e,play_store,5,Other,Unknown,None,None,Purchased,Positive,easy purchase lot's of options and variety and most importantly easy exchange and return ❤️❤️👍
90ca6b8c-f798-45e0-8049-e79940968fcd,play_store,5,Quality/Trust,Unknown,Quality doubts,Verified reviews with photos,Unknown,Positive,I have been using this since many years and it's one of the best app for online shopping. They have very quality products.
dbcc338d-ee37-4989-b512-72d3e688b3ed,play_store,5,Quality/Trust,Unknown,Quality doubts,Verified reviews with photos,Unknown,Positive,good quality products
eac39b5a-3976-4226-9c29-160b471e64eb,play_store,5,Quality/Trust,Unknown,Quality doubts,Verified reviews with photos,Unknown,Positive,quality is too good
86f79b7f-cc0a-4fb0-9778-7c2c18996256,play_store,5,Quality/Trust,Unknown,Quality doubts,Verified reviews with photos,Unknown,Positive,v good quality and packing the product is in good way
f749bb32-0985-4415-b767-cad8cca33e4c,play_store,1,Other,Unknown,None,None,Unknown,Negative,how come these apps getting over rates... when they provide services with locking in customers with mynthra credit and mynthra cash. dark methods for luring in customers... don't fall for the trap .... just buy from a shop with real feel.... refunds are just a joke.... if you order it product is okay it is okay otherwise you won't get refund... instead they give you mynthra credit which you cannot use anywhere and it expires... yes your own money expires....
dcbad81b-2bdc-4b63-9036-030c224bd56d,play_store,5,Price/Timing,Unknown,Waiting for discount,Sale notifications,Unknown,Positive,It is an awesome experience and fully satisfied because the product quality is fantastic at reasonable price.
7f6ab7d4-38db-4195-9462-a7cdae162894,play_store,1,Other,Unknown,None,None,Unknown,Negative,return ka issue hai mene Cargo pent mangai colour alag aaya tha mene return kara reject kar diya or kah diya hmne check Kiya sahi colour gaya h
b4c91565-c04c-47db-a7d1-d6e5d5c7a204,play_store,1,Other,Unknown,None,None,Unknown,Negative,Not able to reach customer service and no refund is processed after the product is cancelled by myntra useless app.
a0ace509-b864-4ec4-988b-1ab8613440a2,play_store,1,Other,Unknown,None,None,Unknown,Negative,"Fraud App/Web they Remove Negative Rating and Customer Reviews Feedbacks, help indirectly fraud Sellers.."
3731a5fd-2793-4575-af24-012ff1b1f2b0,play_store,5,Fit/Size,Unknown,Fit/Size uncertainty,Clearer size guides or AR try-on,Unknown,Positive,"Myntra continues to be my go-to fashion app for a reason. The collection across Indian and international brands is unmatched, and the UI makes browsing effortless. ​What stands out: Accurate size recommendations, reliable image representations of fabrics, and frequent seasonal sales that offer genuine value. ​Delivery & Returns: Delivery is fast, packaging is secure, and the doorstep return/exchange process is seamless with instant refunds."
bc735c67-67b8-4a61-85b8-8025e05547cc,play_store,1,Quality/Trust,Low,Quality doubts,Verified reviews with photos,Unknown,Negative,"I have already returned this product 3 times because of the poor quality, but even after 3 returns, I am still receiving products with the same quality issue. I honestly never expected this kind of experience from Myntra. I also have a concern regarding the refund/payment method. If Cash on Delivery is not possible for refunds, then at least please provide payment options such as Fampay, which is convenient for teenagers and young customers who use the app. Customers should have a simple and c"
dc65dae9-be24-4b5f-b066-70acaa5ca1b4,play_store,4,Price/Timing,Unknown,Price too high,Price drop alerts or cheaper alternatives,Unknown,Positive,"Thank you, Myntra! Your products are truly premium and the quality is excellent. I really loved them. My only feedback is that they are a bit expensive. It would be great if you could provide more offers on premium collections. Overall, a great experience!"
20e6a251-6556-4f39-8f82-fecf0ecbc850,play_store,4,Core Wishlist/Save,Unknown,None,None,Unknown,Positive,"I've had a great shopping experience with Myntra. The app is easy to use, the collection is trendy, and there are plenty of options for every style and budget. The products I've received matched the description, delivery was quick, and the packaging was neat. Returns and exchanges are also hassle-free, which makes shopping stress-free. Overall, it's one of my favorite apps for fashion shopping. Highly recommended!"
fb906b73-23af-4c55-a99a-94526b7f9fba,play_store,5,Quality/Trust,Unknown,Quality doubts,Verified reviews with photos,Unknown,Positive,nice app and goo quality products is hear
27e1851d-7861-44ed-adea-635ac62a6f8e,play_store,5,Price/Timing,Unknown,Waiting for discount,Sale notifications,Unknown,Positive,nice quality and it's in worth it price
9645a419-a7d7-465a-84c0-46f977063723,play_store,1,Styling/Occasion,Low,None,None,Purchased,Negative,"I never expected this from Myntra, a platform I’ve always trusted. My order shows as delivered, but I never received the parcel. Customer support claims that my delivery was confirmed over the phone. How could it possibly be confirmed when I never received any call or message from the logistics team? Please look into this immediately and either deliver my order or issue a full refund."
b7ab733f-4f9c-4ec0-aee1-2962824874ce,play_store,1,Other,Unknown,None,None,Purchased,Negative,The worst app I have ever seen the delivery service is the worst. The delivery was delayed like 5 times They always changed the date and when the delivery came I ordered shoes the box is totally crushed and the shoes are used and after the they asked review in app and I said about delivery services and primary package 📦 damaged they rejected my review and I give photos also but they not agree and the shoes 👟 also used and the customer care service also worst after this talk you using enjoy.
11f6502c-a066-4b2d-b66b-725fb402b9e9,play_store,5,Quality/Trust,Unknown,Quality doubts,Verified reviews with photos,Unknown,Positive,bahut pyare design ki rakhi aur quality top notch
da6adbc9-c15d-4936-b57b-3f4146788661,play_store,5,Quality/Trust,Unknown,Quality doubts,Verified reviews with photos,Unknown,Positive,best app and quality pf the products are good
9f0d31ec-6e46-49cf-8ac0-a6a22db11d47,play_store,5,Quality/Trust,Unknown,Quality doubts,Verified reviews with photos,Unknown,Positive,good quality products recd
739184fd-0053-49a8-b6aa-847a95bc2f51,play_store,5,Quality/Trust,Unknown,Quality doubts,Verified reviews with photos,Unknown,Positive,this app is soo good specially for clothings the quality is soo good please go for it...
05d237db-6335-4f4b-8e8a-477a829c2b88,play_store,5,Quality/Trust,Unknown,Quality doubts,Verified reviews with photos,Unknown,Positive,The quality is good and nice at the lostest rate even for the kids section is also soo good.
201b6017-922e-4e1f-b2eb-f6f1d18c600f,play_store,2,Price/Timing,Unknown,Waiting for discount,Sale notifications,Purchased,Negative,"It was my go to app for ordering clothes before but recently I've been noticing its steady downfall. 1. Half the time the products do not match the images displayed, & more than 3 times now I've received products entirely different than what I ordered. 2. Local, cheap quality products are being sold under the name of big brands & I've been a victim of this twice now. 3. The app has rejected 4 reviews of mine, all of which talked about the horrible quality of the products. Disappointed, HIGHLY."
3ddf5854-3365-4192-8ca8-16f5d62ff064,play_store,5,Quality/Trust,Unknown,Quality doubts,Verified reviews with photos,Unknown,Positive,"product from this app is very beautiful and quality pr fabric is also amazing, this app is easy to use and gives best services also all branded clothes are available there so it is easy to trust!"
3632bc4f-509d-4304-a7b9-f7446163c108,play_store,1,Other,Unknown,None,None,Browsing/bookmarking,Negative,"what is freaking wrong with this app? when listening to the songs and scrolling through the app, the audio stops in the background just to pop up a saree video??? like are you serious, i don't want my audio pauses when scrolling through the app. and also, I face issues with scrolling up and checking with the similar items sometimes. like I'll not be able to scroll up."
a3697342-7407-4c3a-a590-7e35df975be7,play_store,5,Quality/Trust,Unknown,Quality doubts,Verified reviews with photos,Unknown,Positive,superb quality
a6ded28b-d4a1-4e8e-976d-40e7540f5dd2,play_store,1,Other,Unknown,None,None,Unknown,Negative,this is the worst shopping app I've ever experienced... my order was always cancelled without any prior information n even take days just to refund back the money... what's even worst is the customer services they are highly unprofessional
8efae5f9-469f-4014-b435-7311f558dbd2,play_store,4,Quality/Trust,Unknown,Quality doubts,Verified reviews with photos,Unknown,Positive,best quality
07db8a7c-dbbf-4798-8d58-a47032fb9140,play_store,5,Price/Timing,Unknown,Waiting for discount,Sale notifications,Unknown,Positive,awesome product and nice fabric in low price
7dfb7a6d-b4a4-46b4-8e3f-224717091bcb,play_store,5,Quality/Trust,Unknown,Quality doubts,Verified reviews with photos,Unknown,Positive,very good quality product on myntra
8c22eb97-5e39-4179-8094-8e78aea09f1f,play_store,4,Other,Unknown,None,None,Unknown,Positive,return exchange policy is so slow
236d7340-c853-4bd7-8255-0baa4369f0cb,play_store,5,Quality/Trust,Unknown,Quality doubts,Verified reviews with photos,Unknown,Positive,good quality product
5860c770-1b45-479d-8ed7-190c61f698f6,play_store,1,Price/Timing,Unknown,Waiting for discount,Sale notifications,Unknown,Negative,customer care service is too cheap to solve the problem of the users . These people could not resolve a return process which was on hold and probably even in 10 days.
d698214e-9a79-41fe-b355-fd5d0c284d41,play_store,1,Quality/Trust,Unknown,Quality doubts,Verified reviews with photos,Unknown,Negative,"This app is running a complete fraud. They show one item and deliver completely wrong, fake, and poor-quality products. When I posted an honest negative review exposing their terrible product quality, they blocked my account instead of resolving the issue! They are intentionally silencing customers to hide their scams. Complete cheating and unethical business! I am reporting them to the Consumer Forum and Cyber Crime cell. Google must ban this fraudulent app immediately!"
66de2f9f-1ef5-4893-aa30-5979c05739da,play_store,5,Price/Timing,Unknown,Price too high,Price drop alerts or cheaper alternatives,Unknown,Positive,"Fast, clean, and very helpful. It saves me a lot of time. products cost it's budget others apps to compeare"
4eca8e17-ded5-42e0-9884-64d62ef6a3ff,play_store,5,Quality/Trust,Unknown,Quality doubts,Verified reviews with photos,Unknown,Positive,i love myntra the kinda quality product it provides u is insane..i love it
c09c37be-92f9-46c5-973c-63c4670258a4,play_store,5,Quality/Trust,Unknown,Quality doubts,Verified reviews with photos,Unknown,Positive,My Experience With Myntra Is Very Nice On Time They Deliver Our Products And The Quality Is Also Super Quality & The Behaviour Of The Staff Is Also Very Polite Is Very Nice Aap I Just Love 💞 This Aap .
8bbef01f-2202-4b35-8379-0310e1c888d7,play_store,5,Social Validation,Unknown,None,None,Unknown,Positive,I love this app. and u deserve this experience and I would recommend u 😁 shop now and enjoy offers 😉.. so install myntra
fb422a83-e4eb-45a1-a819-9e8291b13c4e,play_store,5,Core Wishlist/Save,Unknown,None,None,Wishlist/save,Positive,I love this app but please bring back the category section in the wishlist
4dab39d9-e1da-4c0e-b4e7-d17f08b24bd3,play_store,4,Quality/Trust,Unknown,Quality doubts,Verified reviews with photos,Unknown,Positive,nice quality
4ad3063d-6896-4132-a6dd-0afac93219d1,play_store,5,Quality/Trust,Unknown,Quality doubts,Verified reviews with photos,Unknown,Positive,product quality bahut aachi h but delivery thodi slow h
91ee3fbe-5232-47ca-b09d-17c5365c3d73,play_store,5,Quality/Trust,Unknown,Quality doubts,Verified reviews with photos,Unknown,Positive,genuine app with good quality products
a4a4ee5a-a98e-4337-aa4d-67baa0ff1d30,play_store,5,Quality/Trust,Unknown,Quality doubts,Verified reviews with photos,Purchased,Positive,"Very nice products and delivered same quality and colour,I ordered a sharara and it was same as the model's dress fitting was also good"
ea43f10f-5059-4934-855f-5a5169a01755,play_store,5,Price/Timing,Unknown,Price too high,Price drop alerts or cheaper alternatives,Unknown,Positive,nice 👍🙂 but expensive 🫰🫰🫰🫰🫰😔😭
4471dc27-1fda-4d3d-9c9a-24c35b9bf160,play_store,5,Quality/Trust,Unknown,Quality doubts,Verified reviews with photos,Unknown,Positive,best for beginners always provide best quality
60a1fdbb-6f0b-4717-bb3e-ce83d5dbe46d,play_store,5,Quality/Trust,Unknown,Quality doubts,Verified reviews with photos,Unknown,Positive,product quality is really awesome 💯
b56ab2e7-0a5a-4c68-af34-3a4c18792502,play_store,5,Quality/Trust,Unknown,Quality doubts,Verified reviews with photos,Unknown,Positive,best quality
716e0a71-706f-4352-9cf5-36758e872add,play_store,5,Quality/Trust,Unknown,Quality doubts,Verified reviews with photos,Unknown,Positive,very good quality clothes
09ef43cf-9870-4567-8be0-f1083054e58b,play_store,1,Other,Unknown,None,None,Unknown,Negative,worst shopping app ever if you buy anything via Myntra cash and then if you return that they deduct the money for no reason like they'll take the whole payment amount and at the time of refund they deduct the money worst all fs
724e4a0e-120b-4d78-8568-f42e1ccfceb5,play_store,1,Fit/Size,Unknown,Fit/Size uncertainty,Clearer size guides or AR try-on,Purchased,Negative,I have ordered a bedsheet from this app but the bedsheet size was too small so I returned it but I haven't get refund even after more than 15 days and still not received the refund. and now no one is receiving call
5e9afa2c-a497-414d-8977-b992a89dd067,play_store,1,Other,Unknown,None,None,Unknown,Negative,"old customer of myntra I order a product from them but after opening the products i didn't lyk that ,so I raise a return ,but there delivery agent told me that he will not take the return as it is not tagged,when I opened the product first it was in the same condition,on another day I called their customer care they again raise a return,then my product picked by their person but after picking their app shows ur return pickup failed .now I don't have the product and they denied to return money"
dc67a95a-7664-412c-b503-2a6c869db089,play_store,5,Quality/Trust,Unknown,Quality doubts,Verified reviews with photos,Unknown,Positive,it is very different from other platforms as it gives as it is product what it shows in photo but other apps gives very bad quality product and shows a very nice dress. I really like this app
e074c52e-2658-4ee3-a363-e6e1bd73d125,play_store,5,Quality/Trust,Unknown,Quality doubts,Verified reviews with photos,Unknown,Positive,delivery was on time amd the product quality was amazing
41449b9d-4905-4a87-8288-c8d04e855f40,play_store,5,Other,Unknown,None,None,Unknown,Positive,"One of the best designed apps in the clothing & apparel domain. The interface is intuitive and the filters are awesome, only with a lot of attention to details could achieve this. I wish similar features would be there in other e-commerce apps while shopping for clothes & Apparels. Aug-2026: There is a bug in the app in filters section. Often the apply button disappears so you can't apply the selection criteria. Pls fix this ASAP."
8e8af31c-07b3-453f-b59c-01741889d715,play_store,5,Quality/Trust,Unknown,Quality doubts,Verified reviews with photos,Unknown,Positive,super platform I love Myntra. but sometimes the clothing quality is very bad. so plz... solve this point.
8ca99cf6-b983-4fe3-9e07-a9eda9f1d4a9,play_store,5,Quality/Trust,Unknown,Quality doubts,Verified reviews with photos,Unknown,Positive,very nice app ☺️ this app impressed me with its quality products
0259c0a5-5880-48c4-868a-d135d91d6950,play_store,5,Price/Timing,Unknown,Waiting for discount,Sale notifications,Unknown,Positive,good app and reasonable price 👍👍
56f1cb45-92aa-4231-9989-7f4124d770da,play_store,5,Other,Unknown,None,None,Unknown,Positive,refund policy is very bad 😔😕
ef0846b9-412b-4658-a07f-2853d0d852f3,play_store,1,Other,Unknown,None,None,Purchased,Negative,totally fraud app they don't refund so please don't purchase anything from this app
ed945b4f-ab76-46e3-9091-048d4bed9bd4,play_store,5,Quality/Trust,Low,Quality doubts,Verified reviews with photos,Unknown,Positive,"Being Mynta buyer since it's inception is indeed good experience till date, in between few hicceps witnessed when the product quality was not upto mark or lag in returns, but overall platform never disappointed me in long run. Now increasing rating from 4 to 5 star again. Keep up the good work in future as well."
2cd72025-33ce-4688-b041-f1321ee8f414,play_store,5,Price/Timing,Unknown,Waiting for discount,Sale notifications,Unknown,Positive,Superb products with reasonable price
2853d952-a94b-4d60-bb32-2ac09797bd94,play_store,5,Other,Unknown,None,None,Unknown,Positive,very good service in terms of exchange or returns
b285f65a-152d-4b4e-ae14-f2113ca940f0,play_store,1,Other,Low,None,None,Unknown,Negative,never use mynthra app becouse refund iam fassing lots of problems worest
6cff8765-32f0-4d42-9dce-62d206ca95f5,play_store,1,Fit/Size,Unknown,Fit/Size uncertainty,Clearer size guides or AR try-on,Unknown,Negative,"Just after realising ,i selected the wrong size,i cancelled the order within 5 minutes,still no refund for the platform fee. Isn't it exploitative? better to place COD order."
def1f6d1-7e3c-456d-a8e7-e2dc3d037f7d,play_store,1,Fit/Size,Unknown,Fit/Size uncertainty,Clearer size guides or AR try-on,Unknown,Negative,The app with most wrong items and size issues
bacd8a5e-9b31-46ce-a5cc-19e6702bb5ab,play_store,5,Quality/Trust,Unknown,Quality doubts,Verified reviews with photos,Unknown,Positive,everything has its own quality
474c6466-4c74-4c19-bd29-31cd58473836,play_store,1,Other,Unknown,None,None,Unknown,Negative,mene 2 hafte se return lgaya vo return on the hold hi dikh rha h mene calls bhi kiya to bhi uska koi jawab nhi mila mujhe
9afcabc4-23f3-4522-8e22-9bfb071f9827,play_store,5,Price/Timing,Unknown,Waiting for discount,Sale notifications,Unknown,Positive,"Myntra is my absolute go-to destination for all things fashion and lifestyle. The app offers an incredible variety of trendy brands, seamless navigation, and frequent discount sales. Delivery is consistently fast, and the hassle-free return policy makes shopping completely worry-free. Highly recommended for anyone looking to effortlessly upgrade their wardrobe!"
8cb7a1b6-34ec-442d-b96b-7e082dd3c6e4,play_store,1,Other,Low,None,None,Unknown,Negative,Aaj tak 22/07/2025 Tak mera problem solve nii kiya myntra na hi hme paisa return kiya loot liya hmse Worst Shoping app Very bad service myntra 22 jun 2024 to 30 Aug 2024 no Solve my problem always speak 24 hours Mera paisa ₹ loot liya myntra walle ne kabhi return nii kiya kabhi call kar pucha bhi nii ki aapka problem ka solution Hua ki nii And uninstall app everyone and my family all phone uninstall myntra app Give it (⭐one star ) aaj tak mera help nii kiya mantra walla
f4a7069e-39d4-4523-bf20-82fb287185f6,play_store,1,Other,Unknown,None,None,Unknown,Negative,refund policy bohot hi ghatiya hai 😡
108c6ffb-92e1-4b71-9022-abdae07e35f9,play_store,5,Quality/Trust,Unknown,Quality doubts,Verified reviews with photos,Unknown,Positive,"""I had an amazing shopping experience on Myntra! The collection of ethnic and western wear is unmatched, and I found the exact outfit I was looking for. The sizing guide is very accurate, the fabric quality exceeded my expectations, and the packaging was neat. Delivery was incredibly fast too. Highly recommended for genuine fashion lovers!"""
eb481e41-6039-4b65-ad57-c73b83c32db9,play_store,5,Styling/Occasion,Unknown,None,None,Unknown,Positive,best choice for fashion and style
0e39bc99-b324-4d55-8be5-31a7109b43f1,play_store,3,Quality/Trust,Unknown,Quality doubts,Verified reviews with photos,Purchased,Neutral,"Over the last 1–2 years, I have noticed that receiving incorrect products has become increasingly frequent. It is not just a matter of a different colour or minor variation at times, I have received completely different products from what I actually ordered. On a few occasions, the quality of the products received has also been extremely disappointing. I request you to please look into the authenticity and credibility of the sellers"
61a04442-4e84-4d0d-aef5-075c09701d16,play_store,3,Quality/Trust,Unknown,Quality doubts,Verified reviews with photos,Unknown,Neutral,like the product quality
80453675-6233-45bc-972c-159210f21911,play_store,5,Other,Unknown,None,None,Unknown,Positive,Myntra is very good for online shopping.....I prefer shopping from Myntra...it's really very helpful and fast delivery ...I'm really happy with the myntra .....Myntra provides easily return exchange.....I really appreciate this app ...And I loveee itttt ❤️❤️❤️❤️❤️❤️❤️❤️❤️❤️❤️❤️❤️❤️❤️❤️❤️❤️❤️❤️❤️❤️❤️❤️❤️❤️❤️❤️❤️❤️❤️❤️❤️❤️❤️❤️❤️❤️❤️
74cc65dd-cb1c-472f-ac9b-6ed0c48c5a1b,play_store,1,Other,Unknown,None,None,Unknown,Negative,if I cancelled my order they do not refund not only one but 2 times they show that refund has already been credited but my account has not received any money
e06b66ce-d97a-4d3c-92b6-2eedb96dc204,play_store,1,Other,Unknown,None,None,Purchased,Negative,very bad experience.... wrong product delivered and continuously denied my return request
a82b0dd0-7671-46e7-b0b0-eaae1b29face,play_store,5,Quality/Trust,Unknown,Quality doubts,Verified reviews with photos,Unknown,Positive,nice shopping app nice quality
9a3e4093-1a2f-4709-947f-e457fb437518,play_store,5,Quality/Trust,Unknown,Quality doubts,Verified reviews with photos,Unknown,Positive,good quality
13209eeb-0f28-40f9-af79-f80c8326faa0,play_store,5,Price/Timing,Unknown,Waiting for discount,Sale notifications,Unknown,Positive,nice app with lots of discount. hope orders don't get cancelled.
5384be8d-ee1a-4c5a-bffa-f2a6ca10b2a4,play_store,1,Quality/Trust,Low,Quality doubts,Verified reviews with photos,Purchased,Negative,"the app with the worst customer support ever. ordered a product, got a defective one. applied for exchange, delivery guy never came, but app showed that the original product which was defective failed quality check. contact delivery guy button not working, Cust support sucks. every hr a new guy asks same questions, raises a complaint which never gets resolved. this is how myntra scams customers and dupes them of their money."
cd6c96eb-eae0-4b37-943d-ec76e2f945e9,play_store,5,Quality/Trust,Unknown,Quality doubts,Verified reviews with photos,Unknown,Positive,nice quality
ba9b00a7-0217-4e2e-8a32-3d032c085c81,play_store,5,Other,Unknown,None,None,Unknown,Positive,nice place for shopping and good exchange policy
e583c566-d9dc-466d-8f68-71ad95a3933e,play_store,5,Quality/Trust,Unknown,Quality doubts,Verified reviews with photos,Unknown,Positive,best quality products
8860f199-01d4-44b0-84a7-414d736e3a20,play_store,5,Quality/Trust,Unknown,Quality doubts,Verified reviews with photos,Unknown,Positive,myntra always delivers good quality products... thank you myntra
203906ae-120d-4b0d-ab3e-9b93492ce618,play_store,5,Quality/Trust,Unknown,Quality doubts,Verified reviews with photos,Unknown,Positive,quality wise product is to good
5ee1efe9-fb8c-4bf5-880d-5535e7093eac,play_store,1,Other,Low,None,None,Purchased,Negative,"Hi everyone this is a terrible platform. I ordered shoes from Myntra but the box contained something else, so I returned them immediately. Since then, there has been no follow-up and the return hasn't been processed. I found the service awful—there is no response and parcels are neither returned nor replaced. Please, do not order anything from here I’ve lost my money, and the return never happened. So, don't use this app"
98b2bf94-3ce9-4f60-b8a1-401892c5903b,play_store,5,Other,Unknown,None,None,Unknown,Positive,very nice app for shopping under budget
0836eacb-9803-4c62-b6d1-212bef2daf61,play_store,1,Price/Timing,Unknown,Waiting for discount,Sale notifications,Unknown,Negative,cheap service
3e92eb42-79db-4033-8bed-3848dfb04b5f,play_store,5,Quality/Trust,Unknown,Quality doubts,Verified reviews with photos,Unknown,Positive,online shopping with quality clothing products.
2e8d0bfd-64cc-4ca5-9731-f01fa7740124,play_store,1,Other,Unknown,None,None,Unknown,Negative,if a customer order through upi payment then myntra don't refund amount credit to account totally full scam myntra customer
892991b7-0c36-4f08-ab9b-334ad9ed53ed,play_store,4,Quality/Trust,Unknown,Quality doubts,Verified reviews with photos,Unknown,Positive,it's a great app because here the quality of clothes is better than other apps and the latest trends are also here
14463428748,app_store,5,Quality/Trust,Unknown,Quality doubts,Verified reviews with photos,Unknown,Positive,"Best shopping app in India
This is my go to online shopping app. Myntra 30 minutes is a life saver. Product quality is always great and the delivery time is great."
14441388161,app_store,5,Quality/Trust,Unknown,Quality doubts,Verified reviews with photos,Unknown,Positive,"Trust worthy
I have using Myntra for years, and even when I have now moved abroad I order stuff from my family from here."
14440584005,app_store,5,Fit/Size,Unknown,Fit/Size uncertainty,Clearer size guides or AR try-on,Unknown,Positive,"Great quality and good looking
This dress size and fit is perfect and the material quality is great too. Didn't cause an itch or rash"
14390274408,app_store,5,Quality/Trust,Unknown,Quality doubts,Verified reviews with photos,Unknown,Positive,"Always best 👍🏼
Products, collections, quality, delivery and return best in all … amazing service. Best app for shopping."
14358255468,app_store,1,Other,Unknown,None,None,Purchased,Negative,"Wrong Products, Denied Returns, Poor Support
I had a very disappointing experience with Myntra customer support. They were unable to properly investigate or resolve my issue. I have faced problems with two different orders from the seller Livewear, where the wrong products were delivered. Despite this, my return requests were denied without a proper investigation.

Because of this, Myntra is making me bear a loss of nearly ₹6,000 for products that were not what I ordered. As a customer, I expected Myntra to trace the issue, verify the deliveries, and provide a fair resolution instead of simply rejecting the returns. Myntra should improve its customer support and ensure sellers are held accountable when they ship incorrect products."
14355232375,app_store,5,Other,Unknown,None,None,Purchased,Positive,"Nice Indian merchandise Shopping App
Nice Indian Merchandise Shopping App with highest availability of options if you like online purchase with good return options within a week"
14333578390,app_store,5,Core Wishlist/Save,Unknown,None,None,Unknown,Positive,"Very high quality and wonderful service
It’s our new favorite"
14313288521,app_store,5,Quality/Trust,Unknown,Quality doubts,Verified reviews with photos,Unknown,Positive,"Platform of quality
Rich quality in every items"
14208231585,app_store,5,Price/Timing,Unknown,Waiting for discount,Sale notifications,Unknown,Positive,"Excellent product
Worth the price . Quality pattern and product as per shown"
14096475138,app_store,5,Core Wishlist/Save,Unknown,None,None,Unknown,Positive,"Always my favorite
All services are on time …"
14062730333,app_store,5,Comparison/Alternatives,Unknown,None,None,Unknown,Positive,"Best app for shopping
All time I get good customer care support and Thts the best thing compare to other app so I always order things from Myntra for best and trusted service ever 👍even the delivery service is best"
13925439999,app_store,1,Price/Timing,Unknown,Waiting for discount,Sale notifications,Purchased,Negative,"Not for NRI customers
Some NRI customers prefer to shop online and have orders delivered to an Indian address. However, Myntra only allows login with an Indian mobile number and doesn’t even offer an email login option, which limits our ability to make purchases. Platforms like FirstCry, on the other hand, support international numbers (such as US mobiles), making access much easier for overseas customers."
13923988278,app_store,1,Fit/Size,Unknown,Fit/Size uncertainty,Clearer size guides or AR try-on,Unknown,Negative,"Horrible customer care service
I made a mistake for ordering a blanket from myntra. This blanket was a complete disaster! It said single bed size and it was as good as a towel. Then comes the worst part, the customer care executive who I’ve been chatting for hours. Not helpful at all, we reached a point where in I said just take the blanket and if you do not wish to refund that’s fine too. The person didn’t care and kept on asking for different pictures and stupid questions. Such a horrible horrible customer care service. .Congrats myntra you just lost a regular customer because you couldn’t train your executives enough."
13893467646,app_store,5,Quality/Trust,Unknown,Quality doubts,Verified reviews with photos,Unknown,Positive,"Best app ever! 🥰
Myntra is a great app for fashion shopping with a wide range of trendy options. The interface is user-friendly, making browsing and ordering easy. Delivery is usually quick, and the quality matches expectations. I truly enjoy using this app and love the overall experience—it keeps me coming back to order again and again. Overall, a reliable and enjoyable shopping experience."
13884506505,app_store,5,Fit/Size,Unknown,Fit/Size uncertainty,Clearer size guides or AR try-on,Unknown,Positive,"9/10 app
Good prices!! not higher or ripping us off !! 10/10 products & everything!!! I luv shopping on this app…makes it easier to shop by identifying my skin type, clothing size & fit, basics, etc. helps a lot!!!"
13836305353,app_store,5,Quality/Trust,Unknown,Quality doubts,Verified reviews with photos,Unknown,Positive,"Bata Sandal for Women Review
The Bata Black Embellished Wedge Sandals are stylish and comfortable to wear. The wedge heel gives good support, so they can be worn for a long time without much discomfort. The black colour makes them easy to match with many outfits, whether casual or slightly formal.

The small embellishment on the strap adds a nice touch and makes the sandals look elegant. The quality of the sole feels strong and durable. Overall, these sandals are a good combination of comfort and style and are great for everyday use. ⭐"
13832692541,app_store,5,Price/Timing,Unknown,Waiting for discount,Sale notifications,Unknown,Positive,"Myntra is amazing
I love the products myntra has to offer and even the quality is amazing and delivery time is absolutely perfect. Plus even the return and exchange policies are too good."
13832366589,app_store,5,Quality/Trust,Unknown,Quality doubts,Verified reviews with photos,Unknown,Positive,"Vibrant colors and soft fabric
Absolutely love this cotton saree! The fabric is soft, breathable, and very comfortable to wear for long hours. The colors are gorgeous, and the plain black blouse piece complements it perfectly. I even used it for a Halloween outfit and it looked fantastic!"
13787430245,app_store,5,Fit/Size,Unknown,Fit/Size uncertainty,Clearer size guides or AR try-on,Unknown,Positive,"Quality product
Very nice fit. True to size. And the quality is superb. Overall the best product"
13717377819,app_store,1,Other,Low,None,None,Unknown,Negative,"Stop Rejecting * star reviews
This app purposely rejecting and not publishing genuine reviews which are not 5 stars *****. Any review with less than 5 star are outrageously rejected, which is not fair . Lot of products are not really worth buying and user/customer would never know until they experience it if myntra continue doing this. Just shame on you Myntra"
13688176260,app_store,5,Quality/Trust,Unknown,Quality doubts,Verified reviews with photos,Unknown,Positive,"Great shopping experience
Easy to use app with a huge variety of styles. Quality is good, delivery is fast, and returns are hassle-free. Myntra is my go-to for fashion shopping!"
13597252853,app_store,5,Quality/Trust,Unknown,Quality doubts,Verified reviews with photos,Unknown,Positive,"Great shopping experience
Easy to use app with good offers and fast delivery. Product quality is nice and returns/refunds are smooth. Overall very satisfied."
13561371334,app_store,5,Other,Unknown,None,None,Unknown,Positive,"The best!!!!!
Instead of searching on the other platforms, Simple just install Myntra for luxury and budget friendly!!!"
13548607116,app_store,5,Fit/Size,Unknown,Fit/Size uncertainty,Clearer size guides or AR try-on,Unknown,Positive,"So awesome
I love Myntra I can filter for natural fabrics in my size really my size and not worry about stitching and the beautiful designs and variety of both western and Indian clothes is superb. So happy Myntra exists. App is well designed and easy to use as well"
13525855999,app_store,5,Other,Unknown,None,None,Unknown,Positive,"Wonderful online shopping site
I have started using Myntra about a month ago. I am truly happy with their service and their return policy. I opt for my returns to be credited to my Myntra account and it takes just a day after collection for the money to be credited. Haven’t had any cause to complain."
13378712294,app_store,5,Price/Timing,Unknown,Waiting for discount,Sale notifications,Unknown,Positive,"Better than others
Price is fine as quality"
13341639005,app_store,4,Fit/Size,Unknown,Fit/Size uncertainty,Clearer size guides or AR try-on,Unknown,Positive,"Great profuct
I exchanged with size fit issue and found it new one with great fit, good arch support, there is space to improve about arch support thats why giving one star less, else good product"
13316350534,app_store,5,Quality/Trust,Unknown,Quality doubts,Verified reviews with photos,Unknown,Positive,"Suhail
The product quality and texture is superb. The fitting is really good. Overall a nice product for everyone who loves style and grace."
13286822477,app_store,5,Price/Timing,Unknown,Waiting for discount,Sale notifications,Unknown,Positive,"Great app!
This is such a great app! I had not explored this app that much until this month and I’ve been loving the range of products and discounts they offer. It is also so convenient to use. The only thing that I found is a bit weird is that sometimes products don’t show up in search and can be found when you start browsing the related products. Apart from that, very happy with the shopping experience they provide!"
13214212690,app_store,5,Price/Timing,Unknown,Waiting for discount,Sale notifications,Unknown,Positive,"Love Myntra offers
Myntra has huge connections with amazing price offerings.
The delivery and return is also quick 👍"
13168901738,app_store,5,Price/Timing,Unknown,Waiting for discount,Sale notifications,Delayed purchase,Positive,"Best offers
I got everything I want for best price during sale and happy with my purchases."
13088315898,app_store,5,Quality/Trust,Unknown,Quality doubts,Verified reviews with photos,Unknown,Positive,"Worth for money
The fabric is really good i like the fitting of the shirt and the color is as it is as shown in the images"
13085326574,app_store,1,Other,Unknown,None,None,Purchased,Negative,"App misbehaving - Return orders
I am quite sure that I had placed return request on certain delivered items that I received. On not receiving any update for a few days, I checked the orders and found out that somehow my return request was reset on the app! And now the product is out of return window."
13039214992,app_store,5,Quality/Trust,Unknown,Quality doubts,Verified reviews with photos,Unknown,Positive,"good quality
Looks just like the picture- value for money"
13017151928,app_store,5,Price/Timing,Unknown,Waiting for discount,Sale notifications,Unknown,Positive,"Good service with good offfer
Its will be my first experience with myntra and i saved 45 rupees for my next order and got discount as well in mini order as well …"
12953868791,app_store,5,Quality/Trust,Unknown,Quality doubts,Verified reviews with photos,Unknown,Positive,"The best site
I love Myntra 
I trust the quality and consistency of their products also the customer care service is super amazing. It’s my go to thing always without any doubt"
12945234002,app_store,5,Quality/Trust,Unknown,Quality doubts,Verified reviews with photos,Purchased,Positive,"Exceptional quality
First pair I order was to big, we ordered an exchange and it came very fast. The product is great and good quality."
12934348833,app_store,5,Other,Unknown,None,None,Unknown,Positive,"Great options and delivery
I always shop on Myntra. Great collection and on time delivery 
Return is also easy."
12933654613,app_store,5,Social Validation,Unknown,None,None,Unknown,Positive,"Easy navigation great site
Good app would def recommend"
12902631157,app_store,5,Social Validation,Unknown,None,None,Unknown,Positive,"Great App and 100% Genuine!
I’ve been using the Myntra app for a while now, and it’s been a fantastic experience. The app is user-friendly, offers a wide variety of brands, and the delivery is always on time. The products are 100% genuine, and the return/refund process is smooth and hassle-free. I highly recommend it for anyone looking for a reliable online shopping platform for fashion and lifestyle products!"
12777749607,app_store,1,Other,Unknown,None,None,Purchased,Negative,"Debited the purchase amount twice
Once when I purchased an item the payment went through and was deducted twice. On reaching out to customer care they redirected me to the bank and on contacting the bank they redirected me to Myntra. On reaching out to Myntra customer service the refund was not processed and I lost 1000INR. Not gonna order anything again."
12730529015,app_store,1,Quality/Trust,Unknown,Quality doubts,Verified reviews with photos,Unknown,Negative,"Worst customer service and lots of quality issues
Avoid buying from random sellers, if possible avoid buying from myntra altogether. Myntra doesn’t care about the quality those sellers are providing. Return experience is even worst. Nobody came for return and return was cancelled multiple times by them. Horrible customer care service. Not happy at all."
12624352550,app_store,5,Quality/Trust,Unknown,Quality doubts,Verified reviews with photos,Unknown,Positive,"Nyc site
Nice shopping site with quality products"
12587689966,app_store,1,Price/Timing,Medium,Waiting for discount,Sale notifications,Purchased,Negative,"Dont chose the option for - no return required to get the discount
So this product - Roadster track suit set- the pants part was used by someone MULTIPLE TIMES, as it had bubbles and stain as well. And this was sent to me as a new product . Unfortunately I couldn’t return it. Because I chose that no return option for this purchase. Maybe thats why myntra sent me someone’s returned item. Very clever. And congratulations on losing a long time user of your app."
12587367230,app_store,5,Quality/Trust,Unknown,Quality doubts,Verified reviews with photos,Unknown,Positive,"Awesome fashion online store
Prices are unbelievable with the quality of the products"
12515735362,app_store,5,Quality/Trust,Unknown,Quality doubts,Verified reviews with photos,Unknown,Positive,"Ethnic wear
Beautiful dress and material. My daughter loved it. It came exactly the same color i saw it on the website so truly happy 😀"
12401516392,app_store,5,Other,Unknown,None,None,Unknown,Positive,"Amazing products. Reliable returns
I have been shopping on Myntra for more than 10 years and have had amazing experience. Can rely on reviews and easy returns. Highly recommended."
12298368746,app_store,5,Quality/Trust,Unknown,Quality doubts,Verified reviews with photos,Unknown,Positive,"Quality Clothing with great service
Great customer service and the delivery agent was very helpful responsive and a greatest asset to the company"
12214763937,app_store,5,Fit/Size,Unknown,Fit/Size uncertainty,Clearer size guides or AR try-on,Unknown,Positive,"A pleasure
These sandals are super comfortable and easy to put on and off. Style and size were accurate."
12204412225,app_store,5,Quality/Trust,Unknown,Quality doubts,Verified reviews with photos,Unknown,Positive,"Product Quality
Really good product for daily use"
12144248881,app_store,5,Fit/Size,Unknown,Fit/Size uncertainty,Clearer size guides or AR try-on,Unknown,Positive,"Nice product, good fit
I was reluctant while ordering this product but it fits perfect and the color is as displayed on the website. Thanks for the on time delivery."
12110701007,app_store,1,Other,Unknown,None,None,Unknown,Negative,"Account disabled for no genuine reason
My account was disabled for no genuine reason. I asked for the reason and they pointed me to terms of use. I questioned which terms were violated and the support team said “we dont have that information “ When asked to transfer to supervisor and escalate issue the supervisor said we dont have access to reasons. So they disable accounts when you want to initiate a refund to prevent loss of revenue which is an accounting scam and fraud. Indian government should take a note and should audit myntra"
12101593362,app_store,2,Price/Timing,Unknown,Waiting for discount,Sale notifications,Unknown,Negative,"Lack of price filters and Ads
Lack of price filters and some other critical filters make the shopping tedious. Also in filtered search there are a lot of ads making overall experience poor."
12043246649,app_store,1,Price/Timing,Unknown,Waiting for discount,Sale notifications,Unknown,Negative,"Incompetent
I requested to cancel an order which i didn’t want anymore and the customer care executive said to just refuse the order on delivery. But when delivery came, the delivery agent said i could not refuse it since it was already paid for , and asked me to create a return request instead. Now i cannot return the product which i don’t want , at such a high price ."
11987681400,app_store,1,Styling/Occasion,Low,None,None,Purchased,Negative,"Non responsive customer service
I had three orders delivered that were different from what I had ordered. When I used the app options to return them, the delivery person refused to pick them up saying they are different and to contact customer service (even though the option selected for return was that I received a product that didn’t match description.) I have since contacted customer service multiple times and been told that it will get resolved soon, but it hasn’t been so far. It’s now been almost two months. Also, I am a Myntra insider based on the amount of orders I had placed and I still get this kind of service. Now I am considering not buying anything from Myntra again."
11981921489,app_store,5,Quality/Trust,Low,Quality doubts,Verified reviews with photos,Unknown,Positive,"Myntra is good as per returns and quality
Super I never had thought about the quality and returns on Myntra . It’s too good that ur money will never be stuck refund in same day. Customer friendly. Charges are high since they provide quality and service to customer to look into products and return is easy."
11892642298,app_store,1,Other,Unknown,None,None,Purchased,Negative,"Pathetic service
Ordered a black dress. Received blue. Scheduled a return the minute I saw the dress. Pickup agent refused to take it, put my return on hold and canceled it citing I need to take permission and confirmation from customer care. Customer care has no option where I can take confirmation for the said thing. This is how they scam people."
11829373926,app_store,4,Quality/Trust,Unknown,Quality doubts,Verified reviews with photos,Unknown,Positive,"Reliable products and good service
I trust Myntra with my online shopping my purchases are as expected and in case if need to return process is smooth"
11765807053,app_store,5,Fit/Size,Unknown,Fit/Size uncertainty,Clearer size guides or AR try-on,Purchased,Positive,"Quality was so good . But I ordered size number 4 but got size number 5 . Shoes are very loose
Good quality"
11651073452,app_store,5,Quality/Trust,Unknown,Quality doubts,Verified reviews with photos,Unknown,Positive,"Budget friendly Myntra
All the products are genuine and I loved the quality"
11623751115,app_store,5,Core Wishlist/Save,Unknown,None,None,Unknown,Positive,"Absolutely awesome App
I just love this app. Hassle free order and returns. It’s so mind relaxing , just by sitting at home I can order whatever my favorite things are."
11623192222,app_store,5,Quality/Trust,Low,Quality doubts,Verified reviews with photos,Unknown,Positive,"The most trusted shopping platform
I am using Myntra from 2015. Myntra never disappoint me soo far, Its the site you can trust for shopping ❤️❤️"
11597928490,app_store,1,Fit/Size,Unknown,Fit/Size uncertainty,Clearer size guides or AR try-on,Unknown,Negative,"They raising their level in Fraud
Fair warning - do not buy products from Myntra. New fraud has started where they will send wrong, ugly, completed different product without any bill and tag. In this case you will loose money and since it is wrong product without any tag, you will not be able to return that product also. Myntra’s delivery fraud has gone to another level. Worst worst worst app."
11494796995,app_store,5,Fit/Size,Unknown,Fit/Size uncertainty,Clearer size guides or AR try-on,Unknown,Positive,"Lazy shopping
I love Myntra app, it’s so convenient and easy to explore and ordering stuff. The return process is so smooth and fast.
I wish, there should be an option to find reviews based on my measurements."
11456458000,app_store,1,Price/Timing,High,Price too high,Price drop alerts or cheaper alternatives,Unknown,Negative,"Regarding Myntra scam
Im in USA right and this is my first job, and I wanted to buy gift to my parents. So i tell my girlfriend to buy 2 watches from myntra, 1 watch cost me 13,495 (Fossil) and second one 8,458 (Armani exchange). So didn’t get fossil watch i got stone in box, and got second watch. And my girlfriend is trying to contact them many times she is getting late reply, Now they are saying we can’t give you refund. I don’t know what they are thinking im working in USA, im earning 1000 dollars in 1 week its not like that can’t afford another watch. It’s about your service guys very bad experience with Myntra, im really disappointed. DONT BUY ANY EXPENSIVE STUFF FROM MYNTRA IF YOU GET WRONG ITEM THEY DONT REFUND MONEY PLEASE KEEP THIS IN MIND. DONT BUY EXPENSIVE STUFF FOR MYNTRA."
11375433501,app_store,1,Price/Timing,Unknown,Waiting for discount,Sale notifications,Unknown,Negative,"Disappointed
I have been using this app for more than 5yr .its delivery is delay, if you may get wrong product and you try for exchange it would take more than a week to solve the issue. 
Also the price is high compared to other apps"
11337852469,app_store,1,Other,Low,None,None,Purchased,Negative,"Worst worst worst customer care service
I meant worst means worst this customer care people don’t care about the customer problems.. I have ordered 4 night suits when I received and open 2 suits are missing and I called customer care they talked so sweet that we will take care of them but after 6 days of continuous approach they finally said that we can’t refund the money I lost my money and I never and ever buy anything from Myntra"
11020770110,app_store,1,Social Validation,Medium,None,None,Unknown,Negative,"Everything is good till you run into a problem. Worst customer support
I have been using mantra for more than 5 years now and I would recommend friends and family to shop on mantra till the time I faced issues and it was not handled in a good way. I was sent the wrong product and when I tried to
return the item Myntra would not accept the return and said they sent the correct product. Another issue I ran into was not able to change the return pick-up location. I don't understand how an online platform can‘t be flexible with little things like a change of address which creates a lot of hassle for the Customers. There might be more underlying issues so I would rather use a different app."
10964277433,app_store,1,Price/Timing,Low,Waiting for discount,Sale notifications,Unknown,Negative,"Very rude customer support
Recently I placed order and literally waited for a week to get my order and then after a week my order was cancelled by seller(happened with 2-3 products) Then that seller listed that same product with double price. When I asked customer care what is this, they gave me very rude replies (like ::: you should see and order if it’s in stock[dude it was in stock, then only I was able to place order] and your money wasn’t debted and it’s debted after ur order is shipped [then why did u initiated refund and told me you will get back your money within 7 working days] and many more)and wasted my time. They don’t and never provide any proper solutions and never take actions on sellers who CHEAT people."
10933414455,app_store,5,Price/Timing,Unknown,Waiting for discount,Sale notifications,Unknown,Positive,"Lovely choices
Great shopping site. So many varieties to choose from and almost all items have a discount to redeem. Love shopping here! Keep it up team"
10849206069,app_store,1,Quality/Trust,Unknown,Quality doubts,Verified reviews with photos,Purchased,Negative,"Poor delivery
Actually I live in us ,when I have a visit to India I ordered some products because they have a express delivery , i ordered on 12th January 2024 but still I haven’t received the products ,all fake dates and product quality of some of the orders are not even worthy ,Myntra was good long time ago but not now they are delivering the poor quality products for 2000 
Not even worth"
10695558413,app_store,2,Price/Timing,High,Waiting for discount,Sale notifications,Unknown,Negative,"Poor refund policy
I recently orders tons of products from Myntra and got some bank discount. When I returned one item, they deducted full bank discount I got from all the orders from this single product. I got the bank discount of 70 Rs on this product and they deducted around 300 Rs bank discount instead of just Rs 70 discount related to only this product. I will definitely think before using this website again as they don’t have customer friendly return policy."
10453752740,app_store,1,Social Validation,Unknown,None,None,Unknown,Negative,"Won’t recommend this site to order for stuff … lost about 2500!! 😡
It’s been a month since I tried to order some shrugs , money got deducted and order wasn’t placed . No  positive response through chat . There is no email address where you can address any complaints!! 
Very disappointed with their customer service ."
10337158746,app_store,1,Price/Timing,Unknown,Waiting for discount,Sale notifications,Purchased,Negative,"Myntra blocking my Review on their app
I have been a customer of myntra since 6 years, Saw huge and sad changes recently , I had ordered rakhi from Myntra seller HYPERFOODS , they sent the wrong and cheap ones, so I posted a review for the same but Myntra refused to post the review on their App, and not allowing me to get the refund as well.
Also the apparel quality has declined a lot.
Sadly this will be  the last time I ordered from Myntra."
10294268360,app_store,5,Quality/Trust,Low,Quality doubts,Verified reviews with photos,Unknown,Positive,"Best
Best online shop ever
You never have problem with return,refund and ...
Also all things are original"
10173588382,app_store,1,Price/Timing,Unknown,Waiting for discount,Sale notifications,Purchased,Negative,"Not at all trust delivery.
Two really bad experiences
1 ) without delivering item marked delivered 
2)when we ordered bulk items one of item received different cheap item without any stickering  on it ..Myntra Says our packing sealed no body can hack it .when we ordered bulk we can’t check all one by one items"
9985253943,app_store,5,Quality/Trust,Unknown,Quality doubts,Verified reviews with photos,Unknown,Positive,"I’m very impressed when I see the products
Products are very good , quality maintenance"
9950101432,app_store,5,Other,Unknown,None,None,Unknown,Positive,"Shopping is easy with myntra
Clothes Shopping experience is very nice . Easy return n exchange delivery is also very fast"
9890550914,app_store,1,Quality/Trust,Low,Quality doubts,Verified reviews with photos,Unknown,Negative,"Really bad customer service
I wish I could rate it less than a star . I'm devastated with apparently their brand Roadster's quality of products and plus it turned out to be such a hassle for me to get a return order for them and believe me I tried everything I COULD . however their lack of support and so called customer care left me no choice but to keep those useless tshirts . Never using myntra again 🙁"
9802565052,app_store,5,Other,Low,None,None,Unknown,Positive,"Worst customer experience
My money is locked up with myntra and worst customer service experience. Never OPT for myntra credit when you return a product. Your credit will get locked up with myntra."
9566689374,app_store,1,Other,Unknown,None,None,Purchased,Negative,"Worst service ever! Do not order! SCAM!!
Couldn’t rate minus star MYNTRA is a BIG SCAM and FRAUD! It delivers USED products. I ordered a pair of shoe and myntra delivered a USED and torn product. When I returned the product, they refused my return saying “Product looks used”, hence we cannot accept your return. On complaining the customer agents, they ignore the concern by saying “this is our process, we cannot do anything, is there anything else we can help with.” Myntra scams customers by taking their money and not returning it."
9468708067,app_store,5,Price/Timing,Unknown,Waiting for discount,Sale notifications,Unknown,Positive,"Best app for shopping amazing clothes
Its so convenient and payment is easy and quick too.. Such amazing variety if clothes at an affordable price"
9462531419,app_store,5,Fit/Size,Unknown,Fit/Size uncertainty,Clearer size guides or AR try-on,Unknown,Positive,"My go to store!
Beautiful designs, easy to shop, sizes that fit well, and timely delivery!! What else can you ask for!!!"
9449955423,app_store,5,Quality/Trust,Unknown,Quality doubts,Verified reviews with photos,Unknown,Positive,"Myntra review
Myntra is a well developed app with good customer service . The quality of the products are quite good with a large variety . Myntra provides easy returns and refunds if the customer does not like the product purchased ."
9428304766,app_store,5,Quality/Trust,Unknown,Quality doubts,Verified reviews with photos,Unknown,Positive,"Love myntra
They have selected good brands and only good quality stuff. You dont have to dig too deep to find a good quality product."
9416663361,app_store,1,Fit/Size,Low,Fit/Size uncertainty,Clearer size guides or AR try-on,Purchased,Negative,"I wish I could give then negative rating Myntra don’t deserve a single star.
Don’t buy from Myntra 😡😡😡 I am staying in usa and I ordered it to my mom who was coming to USA but they sent wrong size as I ordered size medium but they sent Small which is not even wearable for me,  my mom is very old lady she couldn’t understand that and now I can’t return because my Mom already came to me  USA.. I HATE MYNTRA AMD NEVER RECOMMEND ANYONE TO BUY FROM MYNTRA BECAUSE THEY ARE CHEATER WITH BIG PRICE AND PATHETIC SERVICE 😡 WHEN I TRIED TO POST REVIEW ON MYNTRA THEY DIDN’T APPROVE MY HONEST AND GENUINE REVIEW.. Pathetic service and fake Advertisements."
9402383486,app_store,5,Other,Unknown,None,None,Unknown,Positive,"Makes shopping experience easy!
I had to exchange and they did it so easily! Thank you team !"
9394743951,app_store,5,Quality/Trust,Unknown,Quality doubts,Verified reviews with photos,Unknown,Positive,"Simple easy to use great benefits
Customer policies are great, easy exchange returns and better quality products compared to other apps"
9388855365,app_store,5,Price/Timing,Unknown,Waiting for discount,Sale notifications,Unknown,Positive,"Enjoy shopping at Myntra
One site I am also comfortable shopping is Myntra. Wide variety of choices and good price."
9387203227,app_store,2,Other,Unknown,None,None,Unknown,Negative,"Customer care services are poor.
Difficult to connect with the customer care executive. Call keeps getting dropped. Sometimes the address shows not available for return pickup. If the payment doesn’t go through the app doesn’t even send a notification. Lots of technical glitches. Quite dissatisfied."
9356630117,app_store,4,Quality/Trust,Unknown,Quality doubts,Verified reviews with photos,Unknown,Positive,"Items quality
Quality always good with myntra . But delivery time needs to be still improved"
9329843719,app_store,3,Price/Timing,Unknown,Waiting for discount,Sale notifications,Unknown,Positive,"Good choice with average search
Good choice across price range but new items available in stores are not available here. Also search is crappy, can be made better."
9325169812,app_store,5,Other,Unknown,None,None,Unknown,Positive,"Love my ethnics
Love the app Need live chat support though I have an existing order that needs to be changed. Lack of live support is delaying the exchange. Absolutely love the app experience otherwise 🌟"
9222276677,app_store,1,Regret/Abandonment,Low,Out of stock / missed opportunity,Back in stock alerts,Unknown,Negative,"There is difficulty while booking
I never had chance to use the coupon. There is NO connection between coupon and item to validate which coupon works for which item.. so all coupon they given are not validate at some point! Now I faced lot of issue with booking, as the confirmation page says some item is out of stock but doesn’t show which item is out of stock.. this is again a lot of time consuming…!!"
9190739272,app_store,5,Fit/Size,Unknown,Fit/Size uncertainty,Clearer size guides or AR try-on,Purchased,Positive,"Suggestion
Underpants ordered should be of comfortable in size I am of 64 years old please take care"
9159505110,app_store,5,Other,Low,None,None,Unknown,Positive,"Easy going
The best part of this app is I got so many discounts and easily can return if don’t like product. More than 7 years I have been using Myntra never made me sad"
9156890289,app_store,5,Quality/Trust,Low,Quality doubts,Verified reviews with photos,Unknown,Positive,"Best Platform for Buying cloths
Very well designed platform Filter and search works great Cloths are original and never had any issues Amazing return and exchange system All good for metro cities"
9151076140,app_store,5,Social Validation,High,None,None,Unknown,Positive,"My fav shopping app
It’s always easy to shop from this app. Been using myntra since 2013 and have no regrets whatsoever!! Would definitely recommend this app if you are okay shopping online."
9141757360,app_store,5,Styling/Occasion,Unknown,None,None,Unknown,Positive,"Great collection and good prices
I am hoping the products match what is advertised. Fast and frictionless checkout!"
9123180161,app_store,5,Quality/Trust,Unknown,Quality doubts,Verified reviews with photos,Unknown,Positive,"Review on Myntra
I enjoy shopping on Myntra because it’s prices are reasonable and the product are as the same shown in the picture and its good quality"
8981914205,app_store,5,Quality/Trust,Unknown,Quality doubts,Verified reviews with photos,Unknown,Positive,"Good app, amazing offers
I just started using the app and it’s very much to my liking, I like the collection, the variety, even the quality is top-notch. And I love the fact that they’re so affordable. My new Go-to"
8805797532,app_store,5,Other,Unknown,None,None,Unknown,Positive,"Best shopping App
Customer service at myntra is amazing.
App is very user friendly. Speedy delivery. Easy exchange and return everything is fantastic"
8582534989,app_store,5,Other,Low,None,None,Unknown,Positive,"Wish list limit
I’m the wish list limit that they have set is really annoying. Every time I try to add something cute they notify me that my wish list is full. I’ve never experienced such inconvenience before"
8399228862,app_store,4,Price/Timing,Unknown,Waiting for discount,Sale notifications,Unknown,Positive,"Like the collection
Myntra has great collection and quality, price is little on the higher side but I can manage with quality and service."
8338675413,app_store,5,Other,Unknown,None,None,Unknown,Positive,"Myntra review
I love this app- the user experience is great!! It has picture search option, exciting product search and viewing , great algorithm at showing styles based on users choice! 
I wish myntra starts an international shipping option! Im there are lots of buyers out there who would love this too!"
8316508333,app_store,5,Other,Unknown,None,None,Unknown,Positive,"Love it!
I shop every December from Myntra when I am in India. It’s my one stop shop for clothes, shoes, accessories etc. I love their quick delivery and easy return policy. Thank you  Myntra team!"
8251511164,app_store,5,Quality/Trust,Unknown,Quality doubts,Verified reviews with photos,Unknown,Positive,"My go to place for dresses online!
Always received good quality products. Completely satisfied!"
8071474755,app_store,5,Social Validation,Unknown,None,None,Unknown,Positive,"Will charge your card and won’t refund
They will charge your card sometimes even before order confirms and when that happens, they are not able to refund and will ask you to work with the bank to get the refund. It’s a frustrating process!! Not customer friendly"
7984778473,app_store,5,Quality/Trust,Unknown,Quality doubts,Verified reviews with photos,Unknown,Positive,"Awesome place to shop
It’s so easy to navigate the app and get anything that you like, all in one place with good quality and trend."
7982007337,app_store,5,Quality/Trust,Unknown,Quality doubts,Verified reviews with photos,Unknown,Positive,"Quality
Quality product 
Value for money"
7898898018,app_store,5,Price/Timing,Unknown,Waiting for discount,Sale notifications,Delayed purchase,Positive,"Request
During sale period wish the prices are stable."
7864800279,app_store,5,Price/Timing,Unknown,Waiting for discount,Sale notifications,Unknown,Positive,"Excellent
Excellent online shopping experience and good offer and important is the collection and brands they offer"
7805967957,app_store,5,Other,Unknown,None,None,Unknown,Positive,"Great choice
They have excellent stuff at great prices. Return and refund is so simple. I was very weary of trying online shopping but Myntra has given me a lot of faith and made it super easy to shop for a great collection that you wouldn’t usually find in stores"
7617680377,app_store,5,Quality/Trust,Unknown,Quality doubts,Verified reviews with photos,Purchased,Positive,"Very nice quality and super service
I love to shop on Myntra.. whenever I ordered I always get the product in time with nice quality… Keep rocking Myntra🥰"
7571475019,app_store,1,Quality/Trust,Unknown,Quality doubts,Verified reviews with photos,Purchased,Negative,"Horrible customer service
I ordered a product looking at the picture shown in the app. They delivered something totally different . When I tried to raise a ticket to return the product they told me the quality of the product was good and that i had to keep it. They refused to take the product back. Now I an stuck with a product I dont even want! And according to their customer support agents its not their fault!

Very unreliable, not at all customer friendly"
7533584388,app_store,5,Price/Timing,Unknown,Waiting for discount,Sale notifications,Unknown,Positive,"First order discount
This is my first order but I was not able to get 500 discount on my first order 
Pls let me know if I can have cash back"
7397577366,app_store,5,Fit/Size,Unknown,Fit/Size uncertainty,Clearer size guides or AR try-on,Unknown,Positive,"Love the variety and option to return if it doesn’t fit!
Myntra has been a boon especially when you are figuring out your size and malls are closed due to the lockdown. The no hassle shipping and returns allows customers to buy-try and keep what fits. They also carry a lot of brands so options are limitless. I love the feature of body type too. Thanks Myntra."
7331769459,app_store,4,Quality/Trust,High,Quality doubts,Verified reviews with photos,Purchased,Positive,"Service
Thank you for letting me trust you .. 
delivery is always on time 
Most products I’ve bought look like the pictures 
Discounts are a bonus ..thank you 
Keep the good services 🤍"
7280020924,app_store,5,Styling/Occasion,Unknown,None,None,Unknown,Positive,"Best app in india
Budget friendly app, where middle class people can style up with fashionable and trendy cloths in a budget friendly options"
7078372827,app_store,5,Other,Unknown,None,None,Unknown,Positive,"Great collections!
Myntra has great collection of products with different brands. Buying and return experience is very easy and door step delivery is hassle free."
6745651075,app_store,4,Other,Unknown,None,None,Unknown,Positive,"Perfect for shopping
But there’s only one thing which I wish that they should provide in future I.e. there are options for exchange and return, there must be an option of, that if we buy a product and doesn’t suits so there Must be an option to take another product if we want instead of exchange and return"
6611818119,app_store,1,Core Wishlist/Save,Unknown,None,None,Wishlist/save,Negative,"Items get automatically deleted from cart
It’s so far the worst shopping app ever. I have literally added 30 items to the cart and few to the wishlist, and they get automatically deleted by the time I checkout. Literally thrice. And the customer support page is not at all informative. I highly recommend your team to work on the shopping cart feature."
6595247112,app_store,2,Price/Timing,Unknown,Waiting for discount,Sale notifications,Unknown,Negative,"Poor Delivery boy service & too much high price in every branded bags
I love shopping in Myntra 
Bt..the price is too much high according to any other company & please improve ur delivery service tell ur delivery boy to make a call & even delivery till our door step else it’s been twice they don’t come according to the location & cancel themself thankq"
6558980640,app_store,1,Fit/Size,Unknown,Fit/Size uncertainty,Clearer size guides or AR try-on,Purchased,Negative,"Scam scam
So frnds this is something very important about this shopping site myntra. I have ordered this on 10th Oct ND the size was small so i told them to refund. They came for the quality check ND they saw one red spot inside the pocket ND they refused to take the product back. I called them ND told them about the whole thing then also they refused. I told them that I will tell my Frnds ND make sure that no one should buy from your site. That is why I am uploading this. 
Thank you."
6529339052,app_store,5,Quality/Trust,Unknown,Quality doubts,Verified reviews with photos,Unknown,Positive,"Best quality
Always liked the variety and quality of myntra products"
6457072936,app_store,4,Price/Timing,Unknown,Waiting for discount,Sale notifications,Purchased,Positive,"4star
I really enjoyed buying from from Myntra until my recent purchase I ordered zobby earrings and they replaced with some cheap quality earrings which were very bad and broken please take care of this issue if not people will lose trust on you"
6448838891,app_store,2,Styling/Occasion,High,None,None,Purchased,Negative,"It is misleading to say that app is free because it charges a fee when you place an order
Everything else is really good. However, I did not like the newly introduced handling fee! If something is bought online it needs to be returnable aa you cannot physicall see/try like in regular store. You should not penalise customers for “many” returns. I have usually bought clothes and I cannot buy ill fitting clothes!! 
Myntra should also look at the total amount of orders instead of just comparing orders vs returns while deciding which accounts should have this handling fee!
I saw this fee really late during billing, hence went ahead with the purchase but will need to look for other  options due to this “handling fee”!"
6405398534,app_store,5,Quality/Trust,Unknown,Quality doubts,Verified reviews with photos,Unknown,Positive,"Dress materials are misleading, rest all is good.
Their dress materials (salwar suits or saree) are very misleading. They are not the same as they show. Different color, material etc. 
Rest is good. I love their customer service."
6176868236,app_store,1,Purchase Decision,Medium,Hesitation,Social proof or scarcity nudges,Delayed purchase,Negative,"Worst
You give sale , then we order multiple products. At the end you give different product or cancel the order. When you give different product , we do return , for that you give credit. For that credit we end up buying something else what we do not want. If I raise a complaint , you just call and close it. Even if this rating not sure how it’s going to work but I am giving my grievance.

I am your customer for many years. And this pattern continues. You can see the order I placed recently then you know what I am taking about"
6122873095,app_store,1,Other,Low,None,None,Unknown,Negative,"Waste of time
So I wasted 4 hours and surfed and added few items in my bag. At last I decided the filter the item to finalize the order. I clicked on cart bammmm there are no items my cart is empty.
BUT I can see the number of items displayed on cart which makes you no doubt initially.
Btw it happed on iPad mini.
Not willing to waste my time"
5584420474,app_store,1,Quality/Trust,High,Quality doubts,Verified reviews with photos,Purchased,Negative,"Myntra selling fake and counterfeit goods
I bought a pair of Ray-Ban sunglasses and they sent me a fake one, and hen approached for refund or exchange they stated that as per their terms Ray-Ban sunglasses can't be returned. 
I have been a loyal customer of them since 2010 but this incident has changed my view on them. Have heard and seen of myntra fraud but did not believe them until I got scammed."
5309232994,app_store,5,Price/Timing,Unknown,Waiting for discount,Sale notifications,Delayed purchase,Positive,"Satisfied.. but not at the time of sale
Though the items are genuine and return policy is easy but, at the time of sale, the prices are manipulated. They first raise the prices and then announce sale to fool people"
5228927680,app_store,5,Quality/Trust,Unknown,Quality doubts,Verified reviews with photos,Unknown,Positive,"Shopping experience
The shopping experience with Myntra has always been great. Sofar the quality of products is found satisfying and the delivery is also on time."
4654824011,app_store,4,Other,Unknown,None,None,Unknown,Positive,"Reviews
I wish they had reviews for each item available for us to know how is the product"
4623523994,app_store,1,Quality/Trust,Unknown,Quality doubts,Verified reviews with photos,Delayed purchase,Negative,"Horrible delivery services.
Don’t trust the expected delivery dates that they mention in your order. It all depends on the “mood of the delivery guy” whether he would want to deliver a package or not. Customer service have no clue about the whereabouts of your package. And worst part, if you wish to raise a ticket you need to wait 72 hrs to have it generated. I wonders how many more days would they actually take to resolve it. Horrible experience with Myntra.  FYI, still waiting to hear back if you guys actually decided to even file a ticket.. its been more than 72hrs now. And my package is still missing."
4343361339,app_store,5,Price/Timing,Unknown,Waiting for discount,Sale notifications,Unknown,Positive,"Wow
Amazing variety of everything needed for everyone. Excellent fits designs and more than customer support. Quick deliver and hassle free returns. Quality of material is just fantastic . Price is very competitive than the regular stores.. contemporary designs.. do we need anything more!!"
4319683755,app_store,4,Fit/Size,Unknown,Fit/Size uncertainty,Clearer size guides or AR try-on,Purchased,Positive,"Love the app
Nice prices , prompts size recommendations after first purchase .
Good quality of clothes and large variety to pick from . 
Would be great if there were individual item reviews"
4023314037,app_store,1,Quality/Trust,Unknown,Quality doubts,Verified reviews with photos,Unknown,Negative,"No good security and privacy policy for its customers
I had Myntra credits in my account and my account got hacked and my credits were used up ... on informing Myntra about it they were not at all helpful and the only thing they kept repeating was that they were sorry for the inconvenience. How
Could any customer trust them when accounts with credits are hacked like this and they neglect it. We wouldn’t know if they have insider trading of account details of account holding credits . What good a customer care is for which can’t come to aid when a customer needs help ."
3939802176,app_store,5,Other,Low,None,None,Unknown,Positive,"Best shopping app
I am an international customer and shop on the best store apps. This surpasses them all. The app is extremely easy to use and never looses my data. The view similar function and general search capacities are phenomenal."
3936362810,app_store,5,Quality/Trust,High,Quality doubts,Verified reviews with photos,Unknown,Positive,"Shopping Haven
For those of us not in the thick of latest Indian trends and fashion, Myntra is definitely our trusted choice. Not only does it give us plenty of options, it also ensures product quality. Myntra is my top pick for timely delivery and customer satisfaction."
3869633735,app_store,2,Regret/Abandonment,Unknown,Out of stock / missed opportunity,Back in stock alerts,Unknown,Negative,"App keeps hanging all the time
I’m trying to place an order and app keep giving some message like “items out of stock” or “prices have changed”. Even after I’ve acknowledged the message and removed said items, the app kept giving the same message on and on. I restarted the app more than twice and it didn’t make a difference. I gave up trying and placed order on browser."
3832771910,app_store,4,Other,High,None,None,Purchased,Positive,"Where can I write product review ? How can I know ratings and reviews of other buyers
Please allow users to review what they bought . That will help customers to know what they are buying . Every other online shop has the option except myntra . Why ?"
3434537999,app_store,1,Quality/Trust,Unknown,Quality doubts,Verified reviews with photos,Unknown,Negative,"Greatest shopping app in terms of breaching trust of customers
Myntra is very great at fooling their customers.
You order one product, some magic will happen and you would receive a different product. Their order packaging team is also appear to be colorblind. You order red and you would get black. A green one for red and god knows what else. You are doing great job , keep doing it as I know it doesn’t matter to you at all. :-)"
3417267052,app_store,4,Other,Unknown,None,None,Unknown,Positive,"No product reviews
I would have give a 5 star rating if there were product reviews. That is the only flaw I see"
3322025536,app_store,5,Quality/Trust,Unknown,Quality doubts,Verified reviews with photos,Unknown,Positive,"Great app!
Very easy to use and delivery is also on time. Products are good and the quality is also decent."
3314576934,app_store,5,Price/Timing,Unknown,Waiting for discount,Sale notifications,Delayed purchase,Positive,"Awesome app!
I absolutely love this app! Love the way it has expanded by selling some amazing international brands and love the sale that is present everyday for particular brands. Everything in one app from make up to clothing to house decor !"
3056050964,app_store,5,Core Wishlist/Save,Unknown,None,None,Unknown,Positive,"Shopping made so easy
There are plenty of online shopping apps and Myntra is my favorite! I’m not only talking about apps made in India, but by the world standards ... their app allows the user to refine their search making it easier to shop... so intuitive and they also have a good selection of products as well... love using myntra app!"
2894451209,app_store,5,Other,Unknown,None,None,Unknown,Positive,"Excellent
Using online shopping we would not be able to try, that’s where in we try clothes and wish to return if we didn’t like them, Myntra takes without questioning back and courier services are awesome because along with tracking number you message the person contact number which other sites won’t do, love Myntra, will shop more"
2843621441,app_store,2,Other,Unknown,None,None,Unknown,Negative,"More similar product links are not working on iPhone
When you click on similar product links on below of product tiles nothing happen.
These should go to same brand , same color or same type of products"
1826724066,app_store,1,Fit/Size,Unknown,Fit/Size uncertainty,Clearer size guides or AR try-on,Purchased,Negative,"App is good but they have fake customer support
I am using Myntra since 2010, now they have a Fake return policy in which you can not return the product even if the correct size is not available with them. and if you do so they will block your free shipping even you purchase the product with higher value. 

They will cancel the product anytime they want but they don’t want to give the same privilege to there customers. 

Don’t buy from Myntra as the same products are available in same price or even in cheaper price with GOOD RETURN POLICY."
