id,source,platform,date,raw_text,rating,url
58a11346-1c7c-43b4-b14c-62bcc7116ff5,play_store,myntra,2026-08-20T14:24:02,"Large Variety: Users like the wide range of clothing, beauty, and lifestyle brands. App Design: The interface is clean, smooth, and easy to navigate for browsing. Convenience: Many praise the simple return and exchange steps for correctly sized or non-defective items.",5,https://play.google.com/store/apps/details?id=com.myntra.android&reviewId=58a11346-1c7c-43b4-b14c-62bcc7116ff5
a70e8888-dd3a-4ae2-9df1-e142f1f2af49,play_store,myntra,2026-08-20T14:21:18,The cloths fit perfectly every time I order and the cloth quality is reasonable for the prices.,5,https://play.google.com/store/apps/details?id=com.myntra.android&reviewId=a70e8888-dd3a-4ae2-9df1-e142f1f2af49
6bfbeeba-0ac9-4aca-b04b-ed623ce0637f,play_store,myntra,2026-08-20T13:42:58,good app for online purchases,5,https://play.google.com/store/apps/details?id=com.myntra.android&reviewId=6bfbeeba-0ac9-4aca-b04b-ed623ce0637f
062c95de-a0b4-4c1f-b9ee-3daa535d7fee,play_store,myntra,2026-08-20T13:38:47,The clothes and other features or products are best and at good expense you can buy it and it has good and fast delivery,5,https://play.google.com/store/apps/details?id=com.myntra.android&reviewId=062c95de-a0b4-4c1f-b9ee-3daa535d7fee
a08cde0f-2f55-4f6c-8ca4-a4ee05039ca2,play_store,myntra,2026-08-20T13:19:10,worst clothing brand ever used. Every time I purchase something from sale in their application and especially the prepaid order they always send different brands and when you try to return these products they don't get returned and your money gets stuck. Firstly when this happened with me I thought it's just a misunderstanding but when it's done twice I got to know they try to clear their other company unsold product in the name of sale,1,https://play.google.com/store/apps/details?id=com.myntra.android&reviewId=a08cde0f-2f55-4f6c-8ca4-a4ee05039ca2
0eb239aa-6d47-410e-aaa9-c2d7d1a6299d,play_store,myntra,2026-08-20T12:29:38,very worst costumer service,1,https://play.google.com/store/apps/details?id=com.myntra.android&reviewId=0eb239aa-6d47-410e-aaa9-c2d7d1a6299d
93b3a6be-d026-4e4c-b174-2f284ade9e73,play_store,myntra,2026-08-20T12:21:19,Nice app good purchases and offers,5,https://play.google.com/store/apps/details?id=com.myntra.android&reviewId=93b3a6be-d026-4e4c-b174-2f284ade9e73
c0ae817e-d8ec-4934-9632-342a9c6e200c,play_store,myntra,2026-08-20T12:14:24,bht hi bkwas app h koi bhi kuch purchase na kre mne top order kiya tha size exchange kiya to deliver boy dekh kr chle gya or exchange kiya hi nhi date bda di or aj cansel kr diya exchange isse ghtiya shoping app mne aj tk nhi dekha logo k paise khrb krte h ab m jo size muje ata hi nhi kya kru uska ase app ki wjh se online shoping pr se trust break ho jta h mera to yhi khna h sb logo se apne paise is app pr khrb na kre ye log scram kr rh h bht hi bura experience rh mera to 😞😞😞😞😞😞😞😫😫😫😡,1,https://play.google.com/store/apps/details?id=com.myntra.android&reviewId=c0ae817e-d8ec-4934-9632-342a9c6e200c
3704f469-0fad-44fe-a1f9-d1e3fd9fd92b,play_store,myntra,2026-08-20T11:49:05,"the quality of products are excellent, atleast which I bought. the only reason using Myntra is quality.",5,https://play.google.com/store/apps/details?id=com.myntra.android&reviewId=3704f469-0fad-44fe-a1f9-d1e3fd9fd92b
92342ce3-4643-4910-b7ac-309dec43de01,play_store,myntra,2026-08-20T11:46:37,Myntra offers good collection of dresses and other items at good prices. Customer service also good.,5,https://play.google.com/store/apps/details?id=com.myntra.android&reviewId=92342ce3-4643-4910-b7ac-309dec43de01
fee7b106-7d9a-46a5-8d9d-90e67b2f1d77,play_store,myntra,2026-08-20T11:44:08,"Absolutely loved my experience with this shopping app! 🛍️✨ The app is easy to use, the product variety is amazing, and the ordering process is smooth and hassle-free. The products arrived on time, were well-packaged, and matched the descriptions perfectly. The quality was also really good for the price. Overall, a reliable and convenient shopping app with great service. Highly recommended! ⭐⭐⭐⭐⭐",5,https://play.google.com/store/apps/details?id=com.myntra.android&reviewId=fee7b106-7d9a-46a5-8d9d-90e67b2f1d77
3aa0dea0-189b-4769-b48e-b734f8658a7a,play_store,myntra,2026-08-20T11:26:13,"As a myntra user I have purchased many things from this app , and I can surely say this is best and better than other apps. the order is the same as shown . if u are looking for an affordable and best product u can go with myntra.",4,https://play.google.com/store/apps/details?id=com.myntra.android&reviewId=3aa0dea0-189b-4769-b48e-b734f8658a7a
ef2c27ca-4f5d-4360-8619-546e974e482e,play_store,myntra,2026-08-20T11:21:18,very bad experience with recent order received wrong product with poor fitting nobody responds on help center from app,1,https://play.google.com/store/apps/details?id=com.myntra.android&reviewId=ef2c27ca-4f5d-4360-8619-546e974e482e
fa7a7fdd-c800-49aa-a5ba-07f4282601a9,play_store,myntra,2026-08-20T10:59:27,Best Shopping app 💟 Great deals at low prices,5,https://play.google.com/store/apps/details?id=com.myntra.android&reviewId=fa7a7fdd-c800-49aa-a5ba-07f4282601a9
ff9ff2ad-85be-4630-a882-c57bec04e85f,play_store,myntra,2026-08-20T10:31:59,I got the best product always.The quality of the clothes they provide is quite good if u buy the company product,5,https://play.google.com/store/apps/details?id=com.myntra.android&reviewId=ff9ff2ad-85be-4630-a882-c57bec04e85f
d70f968c-edbc-4dc7-9374-e004ede1a42c,play_store,myntra,2026-08-20T09:51:07,"Myntra ka interface bahut smooth hai aur ispar kapdon ke latest trends aasani se mil jaate hain. Delivery aur size guides bhi kaafi acche hain, isliye ye shopping ke liye mera favorite app hai.""",4,https://play.google.com/store/apps/details?id=com.myntra.android&reviewId=d70f968c-edbc-4dc7-9374-e004ede1a42c
95560ec6-6d31-485f-bcb9-c0e68473207d,play_store,myntra,2026-08-20T09:24:13,"i ordered green colour kurtha set but I received pink colour short blouse type sleeveless western top. don't trust anyone myntra they are waste.waste of Time waste of money. I loss 580rs, the supportive team choose option only their side concern our side no one examine.pls don't trust myntra don't buy anyone .I send openning time videos and pics they not trust then how to prove our side concern .cheating 🤦",1,https://play.google.com/store/apps/details?id=com.myntra.android&reviewId=95560ec6-6d31-485f-bcb9-c0e68473207d
bf5f6201-e702-4260-8b62-af34d74b8a30,play_store,myntra,2026-08-20T08:24:27,using from years...getting great discounts on every purchase on the big brands...shopping is so easy now,5,https://play.google.com/store/apps/details?id=com.myntra.android&reviewId=bf5f6201-e702-4260-8b62-af34d74b8a30
5b803897-4565-4cb6-9fcc-dd4ddae98192,play_store,myntra,2026-08-20T07:09:21,best but price high,5,https://play.google.com/store/apps/details?id=com.myntra.android&reviewId=5b803897-4565-4cb6-9fcc-dd4ddae98192
a446f308-9f17-4dee-a360-6ddc68f13395,play_store,myntra,2026-08-20T06:34:44,very much better clothes and cloths fabric in minimum price,5,https://play.google.com/store/apps/details?id=com.myntra.android&reviewId=a446f308-9f17-4dee-a360-6ddc68f13395
fa9862cf-0d20-42fa-8348-4b3c30d58455,play_store,myntra,2026-08-20T02:30:57,myntra is best online purchase platform it's a very good site and many offers and discounts provided by myntra .,5,https://play.google.com/store/apps/details?id=com.myntra.android&reviewId=fa9862cf-0d20-42fa-8348-4b3c30d58455
313f719b-76ff-4d33-a462-50c1e13ad1bb,play_store,myntra,2026-08-20T02:09:51,best plateform to buy all products,5,https://play.google.com/store/apps/details?id=com.myntra.android&reviewId=313f719b-76ff-4d33-a462-50c1e13ad1bb
e0bb70fc-fc57-41c6-a50a-cdf5aa681edd,play_store,myntra,2026-08-20T01:38:17,"worst app ever , my order has been delayed by 10 days and is still in arriving they don't under stand the value of costomer someone can have emergency . I'm never gonna use thi app now and not gonna recommend any one else to order from here 😒",1,https://play.google.com/store/apps/details?id=com.myntra.android&reviewId=e0bb70fc-fc57-41c6-a50a-cdf5aa681edd
7f429698-5636-46d1-8ad4-1d9aa00820ac,play_store,myntra,2026-08-19T23:26:22,this is a good app i like it very very much.. i all time use this app for purchase purpose.,5,https://play.google.com/store/apps/details?id=com.myntra.android&reviewId=7f429698-5636-46d1-8ad4-1d9aa00820ac
adf22d96-9a42-4df4-9804-76b4f6570316,play_store,myntra,2026-08-19T22:17:44,my experience is good with myntra app authentic products good quality of clothes nd unique designs available with reasonable prices nd good offers i m satisfied with all myntra products 😊💫,5,https://play.google.com/store/apps/details?id=com.myntra.android&reviewId=adf22d96-9a42-4df4-9804-76b4f6570316
26a08f13-7c24-4fc5-a067-b482251aece4,play_store,myntra,2026-08-19T21:57:38,"Good for shopping ... but at times prices are too high, return policy is good",5,https://play.google.com/store/apps/details?id=com.myntra.android&reviewId=26a08f13-7c24-4fc5-a067-b482251aece4
edb4e285-2234-412c-9e51-9feb71667d3c,play_store,myntra,2026-08-19T21:55:57,"worst delivery service and worst customer care service , I never recommend anyone to purchase from myntra. I order a HRX T-shirt whose delivery date was 8th august and I m writing this review on 19th august after 11 days, I contacted each and every day to the customer support after promised delivery date but I got zero support for my order, every single day they said wait for 24 hrs, you'll get your order. I got so much frustrated so cancelled my order.",1,https://play.google.com/store/apps/details?id=com.myntra.android&reviewId=edb4e285-2234-412c-9e51-9feb71667d3c
6df6c0ea-fa2d-48ff-a50c-baba54a19926,play_store,myntra,2026-08-19T21:27:01,I purchased two earrings n both r beautiful like in pic.too happy.thanx,5,https://play.google.com/store/apps/details?id=com.myntra.android&reviewId=6df6c0ea-fa2d-48ff-a50c-baba54a19926
b9e22ba7-af76-4c9a-8dbc-e146b7ff9f65,play_store,myntra,2026-08-19T21:24:46,"I ordered so many things so many times, but I didn’t receive anything. Ekart is Myntra’s delivery partner, and the Ekart service operating in Pala, Kottayam district, Kerala, simply does not deliver my orders. I tried so many times, and once I even went and collected the parcel myself, but I can’t keep doing that every time. So I decided to uninstall Myntra and get rid of all this stress. Now I can save my time and have some peace of mind instead.",1,https://play.google.com/store/apps/details?id=com.myntra.android&reviewId=b9e22ba7-af76-4c9a-8dbc-e146b7ff9f65
ef8078ea-6401-453f-879d-4208709b084e,play_store,myntra,2026-08-19T20:42:18,affordable price and very nice kajal,5,https://play.google.com/store/apps/details?id=com.myntra.android&reviewId=ef8078ea-6401-453f-879d-4208709b084e
4106f4bb-62c8-4746-96e3-a7aeb1b71f64,play_store,myntra,2026-08-19T20:34:42,amazing it save my lots of money....💝i love it,5,https://play.google.com/store/apps/details?id=com.myntra.android&reviewId=4106f4bb-62c8-4746-96e3-a7aeb1b71f64
68ea0347-c57d-4e4c-bb24-3f90062f3433,play_store,myntra,2026-08-19T20:05:33,"i loved the experience, reasonable price and great quality.also the delivery is also very fast",5,https://play.google.com/store/apps/details?id=com.myntra.android&reviewId=68ea0347-c57d-4e4c-bb24-3f90062f3433
7be12f85-3049-4cba-9bde-066ce1b627a4,play_store,myntra,2026-08-19T19:48:49,The prices are expensive but the quality is great and I would love to shop here,4,https://play.google.com/store/apps/details?id=com.myntra.android&reviewId=7be12f85-3049-4cba-9bde-066ce1b627a4
0b66e27e-48ea-43bb-ac85-8bc5f45460b5,play_store,myntra,2026-08-19T19:48:36,"trending clothes options, best app ever to buy clothes because clothes describe your value,",5,https://play.google.com/store/apps/details?id=com.myntra.android&reviewId=0b66e27e-48ea-43bb-ac85-8bc5f45460b5
b5ed3951-d29a-405f-a957-3f92cd31ef53,play_store,myntra,2026-08-19T19:26:21,Excellent in style quality size . Go for it. best app for good quality,5,https://play.google.com/store/apps/details?id=com.myntra.android&reviewId=b5ed3951-d29a-405f-a957-3f92cd31ef53
7b504317-baff-406b-aa5f-798ef43096fa,play_store,myntra,2026-08-19T19:16:51,very nice and perfect size with comfortable...so beautiful ❤️ ❤️ ❤️ i like it...,5,https://play.google.com/store/apps/details?id=com.myntra.android&reviewId=7b504317-baff-406b-aa5f-798ef43096fa
59629c47-04f5-4467-b472-603957a1e8d0,play_store,myntra,2026-08-19T18:53:10,i have purchase many products on this app all product was awesome I suggest other people for purchase items from myntra app. authentic brands original products and the quality is very good of all products.,5,https://play.google.com/store/apps/details?id=com.myntra.android&reviewId=59629c47-04f5-4467-b472-603957a1e8d0
dd9efba1-3987-45b9-8c00-9575a2cca41f,play_store,myntra,2026-08-19T18:23:29,I lovethis app sooo much gives reasonable prices i ordered a pack of aqualogica body mist on its original website and on purple it costs 1000 and I bought it just for 699,5,https://play.google.com/store/apps/details?id=com.myntra.android&reviewId=dd9efba1-3987-45b9-8c00-9575a2cca41f
1d74481f-f49a-4fdd-b9c3-031b756aa906,play_store,myntra,2026-08-19T18:00:39,my experience with myntra is mind blowing very nice products at reasonable price n quality is also top notch. I always shop with myntra only I trust it. happy shopping,5,https://play.google.com/store/apps/details?id=com.myntra.android&reviewId=1d74481f-f49a-4fdd-b9c3-031b756aa906
e4bc67c3-8184-4188-95d1-c6f90779024f,play_store,myntra,2026-08-19T17:50:47,“Absolutely loved these jeans! The fitting is perfect and the fabric feels really comfortable. The quality is also very good and the jeans look exactly like the pictures. The fit is flattering and easy to style with both crop tops and oversized tops. I’ve worn them for long hours and they’re still comfortable. Definitely worth the price and would recommend them! ❤️”,5,https://play.google.com/store/apps/details?id=com.myntra.android&reviewId=e4bc67c3-8184-4188-95d1-c6f90779024f
755d367e-df31-4c45-b2a1-1cfc34a2b0e0,play_store,myntra,2026-08-19T17:46:45,"I thought in myntra we get only expensive products, but got best deals which was affordable... cheers",5,https://play.google.com/store/apps/details?id=com.myntra.android&reviewId=755d367e-df31-4c45-b2a1-1cfc34a2b0e0
7a4f87b2-291f-4c31-a8a3-2528122ce587,play_store,myntra,2026-08-19T17:34:40,it's good for shopping 🛍️🛒 and it can be purchaseable because myntra have best quality product and dress also so we can easily buy this and make happy.. if we start for shopping then it can be give a discount on your order and make affordable price their quality it best and also it give free coupons when we finished shopping and then we earn award for it .. I aslo earn mainy rewards and cash price on it so don't waste your time and jont with myntra and start to shopping 🛒🛍️ make your day,5,https://play.google.com/store/apps/details?id=com.myntra.android&reviewId=7a4f87b2-291f-4c31-a8a3-2528122ce587
ad2d6841-69ac-4abb-b01a-02cc26515ff1,play_store,myntra,2026-08-19T16:42:40,received broken product with no brand tags or price tag on return request their delivery partner just says it could not be quality checked and hence the return is put on hold. told this to their customer care they told me to send photos did the same return was scheduled and the delivery partner did the same. I think I will just have to forget about my money as this problem will persist without any real solution,1,https://play.google.com/store/apps/details?id=com.myntra.android&reviewId=ad2d6841-69ac-4abb-b01a-02cc26515ff1
0e2974c9-0e20-431e-af23-b7542ab3be38,play_store,myntra,2026-08-19T16:01:10,myntra is trustable app 🤌 I have purchased from myntra and i received orders in well manner and quality of cloth is awesome 👌,5,https://play.google.com/store/apps/details?id=com.myntra.android&reviewId=0e2974c9-0e20-431e-af23-b7542ab3be38
348aaa42-cb86-4626-8580-8dd3c3ff3f08,play_store,myntra,2026-08-19T15:55:57,very bad experience... i ordered a product in a offer and myntra haven't delivered that product instead of delivering the product they are only showing delay and delay... very bad app and support system is also worst... i am unable to make chat or call with the agent.... worst application don't purchase any product from myntra,1,https://play.google.com/store/apps/details?id=com.myntra.android&reviewId=348aaa42-cb86-4626-8580-8dd3c3ff3f08
5f0627c3-bd29-452f-99da-d7663451167d,play_store,myntra,2026-08-19T15:39:39,"A very beautiful dress, perfect stich.But the only thing i was dissatisfied is i thought the gold pattern was embroidery but in reality it's just gold print. Otherwise the fit and outlook is really good. Thank you.",5,https://play.google.com/store/apps/details?id=com.myntra.android&reviewId=5f0627c3-bd29-452f-99da-d7663451167d
43ef69b5-5eb2-415b-90e2-eaa7249ea2ae,play_store,myntra,2026-08-19T15:24:10,very useful and time saving app...,5,https://play.google.com/store/apps/details?id=com.myntra.android&reviewId=43ef69b5-5eb2-415b-90e2-eaa7249ea2ae
8ede650e-999d-412b-a414-92524e52e5a0,play_store,myntra,2026-08-19T13:43:12,amazing service providers for myntra . i am happy 😁 lowest price get best fashion items provided. thank you 👍🏻😊 myntra,5,https://play.google.com/store/apps/details?id=com.myntra.android&reviewId=8ede650e-999d-412b-a414-92524e52e5a0
f834b05c-2aaa-4ce9-9c1e-c8b36162e82f,play_store,myntra,2026-08-19T13:00:22,very good app....For brand purchase...original and authentic product ... Good for it ....,5,https://play.google.com/store/apps/details?id=com.myntra.android&reviewId=f834b05c-2aaa-4ce9-9c1e-c8b36162e82f
f967a89e-7664-409d-98b0-0b25944e15e4,play_store,myntra,2026-08-19T12:54:34,Good quality and varieties of products are available at Myntra you must visit and buy accordingly.,5,https://play.google.com/store/apps/details?id=com.myntra.android&reviewId=f967a89e-7664-409d-98b0-0b25944e15e4
299e8818-893e-4de7-9a11-56fd8e20ad8c,play_store,myntra,2026-08-19T12:45:02,"today 19 Jul 26 almost 70 days passed, I returned a product worth ₹10,999 but have still not received my refund since 8 jun 26 order. Customer support keeps giving different instructions—first chargeback, then bank statement, bank details, and now a bank denial letter. I have submitted every document requested, yet there is no resolution. I have spent weeks following up and visiting my bank. worst ever merchant in my life. please don't buy anything here 🙏. myntra is complete fraud and scam.",1,https://play.google.com/store/apps/details?id=com.myntra.android&reviewId=299e8818-893e-4de7-9a11-56fd8e20ad8c
31024e7e-f5b2-4c6d-b9dd-024434fcd26e,play_store,myntra,2026-08-19T11:58:00,Good cloth quality and right in size . so nice,5,https://play.google.com/store/apps/details?id=com.myntra.android&reviewId=31024e7e-f5b2-4c6d-b9dd-024434fcd26e
8c1fdffb-c81a-4409-b6b9-57008de92499,play_store,myntra,2026-08-19T11:17:22,I totally love the fittt❤️,5,https://play.google.com/store/apps/details?id=com.myntra.android&reviewId=8c1fdffb-c81a-4409-b6b9-57008de92499
c9418488-8ad9-4561-bd95-f5742755c3ec,play_store,myntra,2026-08-19T11:04:59,this is the first time I am using this app for my online purchase i am satisfied.,5,https://play.google.com/store/apps/details?id=com.myntra.android&reviewId=c9418488-8ad9-4561-bd95-f5742755c3ec
a8b4751d-1eec-4a30-a8c2-1732191b1755,play_store,myntra,2026-08-19T10:38:59,it's a fraud company. without any reason my account was deactivated. i have ordered an item there was size issue. i am not unable to use my account for exchange or return. my account is deactivated it is no longer active. such a fraud company 😡,1,https://play.google.com/store/apps/details?id=com.myntra.android&reviewId=a8b4751d-1eec-4a30-a8c2-1732191b1755
de0fe98b-828b-4ebf-a3c3-95c98e38c29f,play_store,myntra,2026-08-19T10:31:51,good but costly,5,https://play.google.com/store/apps/details?id=com.myntra.android&reviewId=de0fe98b-828b-4ebf-a3c3-95c98e38c29f
6df58a96-0246-4af8-9b97-61b8d13af95d,play_store,myntra,2026-08-19T10:07:31,orignal brand you can buy from this,4,https://play.google.com/store/apps/details?id=com.myntra.android&reviewId=6df58a96-0246-4af8-9b97-61b8d13af95d
bf64f063-8241-47c7-b66c-e7274939dc4f,play_store,myntra,2026-08-19T09:57:26,All categories available please Make affordable price,3,https://play.google.com/store/apps/details?id=com.myntra.android&reviewId=bf64f063-8241-47c7-b66c-e7274939dc4f
cade6257-4741-41bd-b29a-399ffd2fbca0,play_store,myntra,2026-08-19T08:16:29,"super app to buy clothes,shoes and many more things",5,https://play.google.com/store/apps/details?id=com.myntra.android&reviewId=cade6257-4741-41bd-b29a-399ffd2fbca0
38ab52e9-53b8-4b39-8b7c-20e129f0bcea,play_store,myntra,2026-08-19T08:03:03,"very fast,stylish and easy app..always fun to buy from myntra as it has plenty options in affordable range",5,https://play.google.com/store/apps/details?id=com.myntra.android&reviewId=38ab52e9-53b8-4b39-8b7c-20e129f0bcea
3b822c39-4647-4d5f-93f1-9ef295715cc1,play_store,myntra,2026-08-18T23:41:39,delivery time Long and items not delivered no coustomer support myntra not purchase all items not,1,https://play.google.com/store/apps/details?id=com.myntra.android&reviewId=3b822c39-4647-4d5f-93f1-9ef295715cc1
2e139c88-0dda-49c4-bb05-e5a7392a6d9c,play_store,myntra,2026-08-18T22:48:25,"very good in very affordable price,",5,https://play.google.com/store/apps/details?id=com.myntra.android&reviewId=2e139c88-0dda-49c4-bb05-e5a7392a6d9c
985ada8f-d674-4be1-9dbe-cb187a46f3e6,play_store,myntra,2026-08-18T21:47:20,perfect fit and stylish,5,https://play.google.com/store/apps/details?id=com.myntra.android&reviewId=985ada8f-d674-4be1-9dbe-cb187a46f3e6
bfda5137-a2f4-44eb-843a-92e41ce46d64,play_store,myntra,2026-08-18T21:11:46,"Worst Experience Worst experience with Myntra. My order was supposed to be delivered on 8th August, but it still hasn’t arrived. When I tried to cancel it, the cancellation has been showing “Pending” for the last 5 days with no proper update or resolution. This is extremely frustrating and unacceptable. Customers shouldn’t have to struggle just to cancel an undelivered order. I strongly recommend people not to download this app or use Myntra for purchases. Very poor service.",1,https://play.google.com/store/apps/details?id=com.myntra.android&reviewId=bfda5137-a2f4-44eb-843a-92e41ce46d64
dded942f-25ad-4ff4-8417-a969637bde76,play_store,myntra,2026-08-18T21:11:14,"Very bad experience. Applied ""No Return"" coupon by mistake and got poor quality product with faded colour. For return, only ""size exchange"" option was there. Requested refund by deducting coupon but ignored. No support. Myntra delivers bad quality and takes no responsibility. Policy is confusing.",1,https://play.google.com/store/apps/details?id=com.myntra.android&reviewId=dded942f-25ad-4ff4-8417-a969637bde76
f089562d-71ff-43bc-9179-2720a049c091,play_store,myntra,2026-08-18T21:01:21,"myntra is nt giving full refund after returning the whole item dnt buy from myntra wrong product ,issue in size I hve many complaint on myntra there r some resolving sum r igonre",1,https://play.google.com/store/apps/details?id=com.myntra.android&reviewId=f089562d-71ff-43bc-9179-2720a049c091
ca9b47ae-e505-4503-95ad-1c4e227dd7cc,play_store,myntra,2026-08-18T20:55:39,my experience is very nice and useful product purchase for me thank you from Myntra,5,https://play.google.com/store/apps/details?id=com.myntra.android&reviewId=ca9b47ae-e505-4503-95ad-1c4e227dd7cc
c70af751-a155-46fc-a04f-5b7e0da7a971,play_store,myntra,2026-08-18T20:39:32,"amazing dress , great fitting 👌 I loved it❤️❤️",5,https://play.google.com/store/apps/details?id=com.myntra.android&reviewId=c70af751-a155-46fc-a04f-5b7e0da7a971
ba8f36fb-801c-46fa-974a-bd0618964cc5,play_store,myntra,2026-08-18T20:39:29,"The services of Myntra were good enough in the past but now it has been downgraded to earth. Products, rates and offers are average but delivery and customer help center are the worst and headache to buyers. Don't buy anything through Myntra if you need timely delivery. Myntra has no control over delivery agents. They reschedule your delivery date without any information. Myntra help center is totally digital based AI. You can't contact a real customer service agent despite repeated efforts.",2,https://play.google.com/store/apps/details?id=com.myntra.android&reviewId=ba8f36fb-801c-46fa-974a-bd0618964cc5
609713a3-88a9-4db3-ae3d-c8a4b7502c19,play_store,myntra,2026-08-18T19:43:34,"bad service,bad products,bad return policy,They don't have enough people to solve your query efficiently.Dont buy from Them.They don't care about customers",1,https://play.google.com/store/apps/details?id=com.myntra.android&reviewId=609713a3-88a9-4db3-ae3d-c8a4b7502c19
b4d856f4-40eb-4119-a34c-cdc461866ed2,play_store,myntra,2026-08-18T19:34:07,bhut hi ghatiya D gred e commerce platform iski delivery kbhi nhi hoti hai maine khud kayi bar try kiya hai iska costumer support bhi nhi hai I will never use this again in my hole life ................,1,https://play.google.com/store/apps/details?id=com.myntra.android&reviewId=b4d856f4-40eb-4119-a34c-cdc461866ed2
2e8c2c11-2aae-4732-a536-c85ba7cdf909,play_store,myntra,2026-08-18T19:18:46,nice collection and perfect prices 👌,5,https://play.google.com/store/apps/details?id=com.myntra.android&reviewId=2e8c2c11-2aae-4732-a536-c85ba7cdf909
4f698cb0-3b6e-4f41-809a-4b9612cfdb8e,play_store,myntra,2026-08-18T18:47:40,Original product from Myntra.I purchased Rayban Sunglass Round and rectangular shape.Both is original from Rayban.Quality is excellent.Delivery fast.Price is low as compared to others .So I always recommend to buy from Myntra.,5,https://play.google.com/store/apps/details?id=com.myntra.android&reviewId=4f698cb0-3b6e-4f41-809a-4b9612cfdb8e
29d397b1-9ded-4669-a953-1a3ed0773117,play_store,myntra,2026-08-18T18:40:06,"quality products fashion at amazing prices i buy almost everything from myntra clothes,bags,shoes n jewellery best in quality and amazing custimer service superfast delivery easy exchange n refunds go for it",5,https://play.google.com/store/apps/details?id=com.myntra.android&reviewId=29d397b1-9ded-4669-a953-1a3ed0773117
6b416ebf-71e1-4023-a324-f0da3b13e1d7,play_store,myntra,2026-08-18T18:05:48,dont buy product this app not quality and proper deliver received broken product and used fabric,1,https://play.google.com/store/apps/details?id=com.myntra.android&reviewId=6b416ebf-71e1-4023-a324-f0da3b13e1d7
16ee5cf8-4ee8-4076-9de6-5559bfab8c76,play_store,myntra,2026-08-18T17:45:55,I don't even want to give one star it was such a horrendous experience I gave order for a kids gown so its quality wasn't good and so I exchanged with something else the product that came was horrendous used product no tags and now the delivery guy said it failed brand match so it can't get return I connected with the costumer service like they said they will again check the product I have no faith that they will refund or exchange with a good product.,1,https://play.google.com/store/apps/details?id=com.myntra.android&reviewId=16ee5cf8-4ee8-4076-9de6-5559bfab8c76
85534c60-2b57-41a7-a9ae-202e1f110c73,play_store,myntra,2026-08-18T17:33:52,humne bellabloom kei lipstick lei inhone hume damage product dia or humne return krne ko bola to unhone Hume bola yeh return nhi hota exchange hoga or humne exchange ko bola to inhone bola eak hei shade h or inka staff accha h but inhone product return nhi kra na hei hume refund dia . i prefer you to not buy any product from myntra myntra sae better Baki apps hai maine 1 star staff ko dia h is app ko nhi .,1,https://play.google.com/store/apps/details?id=com.myntra.android&reviewId=85534c60-2b57-41a7-a9ae-202e1f110c73
68218d2d-fe3d-46a3-9973-309492cbdb35,play_store,myntra,2026-08-18T16:43:37,"Great shopping experience with Myntra! I’m really happy with my purchase. The product quality was excellent, exactly as shown in the pictures, and the fit was perfect. The ordering process was smooth and delivery was on time. Overall, a convenient and reliable shopping experience.",5,https://play.google.com/store/apps/details?id=com.myntra.android&reviewId=68218d2d-fe3d-46a3-9973-309492cbdb35
2e99d379-79dc-4a9c-9b4f-22f7fc9f2675,play_store,myntra,2026-08-18T16:38:36,"Really happy with this purchase! The quality is excellent, the fitting is perfect, and the product looks exactly like the pictures. The material feels premium and comfortable, and the finishing is also very good. Totally worth the price and definitely recommended. Great experience with Myntra! ❤️",5,https://play.google.com/store/apps/details?id=com.myntra.android&reviewId=2e99d379-79dc-4a9c-9b4f-22f7fc9f2675
ee57ba88-dbe9-4f71-86a4-4368d63bfd8e,play_store,myntra,2026-08-18T16:23:36,valid app to buy things,5,https://play.google.com/store/apps/details?id=com.myntra.android&reviewId=ee57ba88-dbe9-4f71-86a4-4368d63bfd8e
92ebbb71-a28b-4344-a902-a753923445a9,play_store,myntra,2026-08-18T15:39:55,excellent quality and fit,5,https://play.google.com/store/apps/details?id=com.myntra.android&reviewId=92ebbb71-a28b-4344-a902-a753923445a9
5d4f7784-1681-44d0-9eb9-000fd3759dfa,play_store,myntra,2026-08-18T15:18:44,"myntra is very cheap app, i ordered 2 items from JJ enterprises myntra but they send me only one item in a package when I receive I paid for two items but I get only one item I did not get my second item then I call in myntra and they said we can't, do anything in this, like seriously I paid for two and didn't get my second item then who will give my money and who will responsible for this but they doesn't care about costumer I lost my 1282 rupees don't use myntra",1,https://play.google.com/store/apps/details?id=com.myntra.android&reviewId=5d4f7784-1681-44d0-9eb9-000fd3759dfa
930d0490-3ebb-4450-83e0-33fbc5e25273,play_store,myntra,2026-08-18T14:18:50,"shopping on myntra is next level i toh love using myntra top notch quality, unlimited offers, best price, over all is very good",5,https://play.google.com/store/apps/details?id=com.myntra.android&reviewId=930d0490-3ebb-4450-83e0-33fbc5e25273
ebd0e502-373c-4f79-a386-632d1522aeea,play_store,myntra,2026-08-18T13:45:29,Products are too good.... Quick delivery.... Affordable prices and some products are not in affordable prices... Thank you Myntra,5,https://play.google.com/store/apps/details?id=com.myntra.android&reviewId=ebd0e502-373c-4f79-a386-632d1522aeea
82512eb0-7d34-42c6-aa83-0a55db8df181,play_store,myntra,2026-08-18T12:41:55,myntra is doing scam. they have delivered only one unit out of two to me on 9th Aug. since then I have been following up with them on all platforms but their logistics partner ekart logistics is doing fake delivery attempts and myntra is just giving me false assurances. I have even written to grievance cell with no result. my money is stuck..I would not recommend to buy anything from them,1,https://play.google.com/store/apps/details?id=com.myntra.android&reviewId=82512eb0-7d34-42c6-aa83-0a55db8df181
fe648852-1405-4bc7-8c31-2393511345c6,play_store,myntra,2026-08-18T12:32:17,the quality and prices are too good in myntra,5,https://play.google.com/store/apps/details?id=com.myntra.android&reviewId=fe648852-1405-4bc7-8c31-2393511345c6
5b7b18fa-9f4b-456c-8db5-0d1db1f45d22,play_store,myntra,2026-08-18T11:08:27,loved the app Myntra rewards cashback on every purchase...there products are also good 👍,5,https://play.google.com/store/apps/details?id=com.myntra.android&reviewId=5b7b18fa-9f4b-456c-8db5-0d1db1f45d22
764676ff-058b-454c-873f-c4d565722089,play_store,myntra,2026-08-18T11:01:06,nice product nice price,5,https://play.google.com/store/apps/details?id=com.myntra.android&reviewId=764676ff-058b-454c-873f-c4d565722089
e362a095-75c3-491c-9996-a8e5e6320085,play_store,myntra,2026-08-18T10:23:13,worst e cart service,1,https://play.google.com/store/apps/details?id=com.myntra.android&reviewId=e362a095-75c3-491c-9996-a8e5e6320085
6b2f05d4-0395-466e-bea8-fc158e82fb05,play_store,myntra,2026-08-18T09:16:13,"very good service, product quality.It is the best platform to buy things.I love it",5,https://play.google.com/store/apps/details?id=com.myntra.android&reviewId=6b2f05d4-0395-466e-bea8-fc158e82fb05
c097486b-c4f7-42b7-bfe4-60372b2e7db9,play_store,myntra,2026-08-18T07:43:45,he take rs 23 as platform fee. item cost is higher than other app. I would love to give him negative star,1,https://play.google.com/store/apps/details?id=com.myntra.android&reviewId=c097486b-c4f7-42b7-bfe4-60372b2e7db9
6b64f173-aefe-4e9b-9532-79739cf9c672,play_store,myntra,2026-08-18T07:04:58,"Absolutely love shopping on Myntra! The app is super smooth, easy to navigate, and offers a huge collection of authentic brands... Delivery experience is good.. packaging is neat, and whenever there's a sizing issue, the exchange and return process is completely hassle-free.. Definitely my go-to app for fashion!",5,https://play.google.com/store/apps/details?id=com.myntra.android&reviewId=6b64f173-aefe-4e9b-9532-79739cf9c672
adf8d2a1-b850-4a1c-8993-33fe579cd21e,play_store,myntra,2026-08-18T06:36:09,i Like the Reasonable price,5,https://play.google.com/store/apps/details?id=com.myntra.android&reviewId=adf8d2a1-b850-4a1c-8993-33fe579cd21e
876b29ca-c617-472e-9f15-8c46752ed647,play_store,myntra,2026-08-18T04:37:58,great service with best costumer support team always responsible and all goods are branded 💯👍,5,https://play.google.com/store/apps/details?id=com.myntra.android&reviewId=876b29ca-c617-472e-9f15-8c46752ed647
f50807f7-9efd-4363-b201-649f40b20726,play_store,myntra,2026-08-18T03:58:11,Best fits for genzzz,5,https://play.google.com/store/apps/details?id=com.myntra.android&reviewId=f50807f7-9efd-4363-b201-649f40b20726
613c9392-4b2f-4748-877d-45893d08db40,play_store,myntra,2026-08-18T03:21:22,good but high price,4,https://play.google.com/store/apps/details?id=com.myntra.android&reviewId=613c9392-4b2f-4748-877d-45893d08db40
401b801e-c875-4117-a499-3331107fd184,play_store,myntra,2026-08-18T01:32:59,sizes r not available for many liked products,4,https://play.google.com/store/apps/details?id=com.myntra.android&reviewId=401b801e-c875-4117-a499-3331107fd184
2b1f34cd-8fe9-485b-8c99-5cc7a0432850,play_store,myntra,2026-08-18T00:54:09,"⭐⭐⭐⭐⭐ Myntra is one of my favourite shopping apps. The collection is really good, prices and offers are attractive, and ordering is easy. Delivery is also quite convenient. Overall, I have had a good shopping experience with Myntra and would definitely recommend it. ❤️",5,https://play.google.com/store/apps/details?id=com.myntra.android&reviewId=2b1f34cd-8fe9-485b-8c99-5cc7a0432850
98a106b4-7b12-4991-a7c4-af7c65786371,play_store,myntra,2026-08-18T00:38:37,"Very disappointing experience with Myntra. I ordered 5 Libas sarees at an offer price, and all 5 were confirmed and shipped. Later, Myntra automatically cancelled them citing a “technical issue”. I requested the same offer/price or compensation for the price difference, but no proper solution was provided. Cancelling shipped orders and refusing to honour the offer is unfair and feels like arbitrary handling of customer orders. Myntra should take responsibility and provide a genuine resolution.",1,https://play.google.com/store/apps/details?id=com.myntra.android&reviewId=98a106b4-7b12-4991-a7c4-af7c65786371
b7a16c7a-7ac8-489c-a3b7-5e9384ee8ed4,play_store,myntra,2026-08-17T22:56:40,"You were supposed to answer my query by August 17th, yet now you are asking for another 48 hours. Please do not harass the customer to the point where they stop shopping on the app (Myntra) altogether. Issues should be resolved promptly. Please provide a solution to my problem by August 18th. Why is it taking so long to resolve such a minor issue? I purchased a product, and it was of poor quality—everything is clearly visible in the photos. What are you deliberating on? After this, I will never",1,https://play.google.com/store/apps/details?id=com.myntra.android&reviewId=b7a16c7a-7ac8-489c-a3b7-5e9384ee8ed4
8a1189cc-5c7a-46b6-9989-77ea43ea20ce,play_store,myntra,2026-08-17T22:55:37,myntra is one of the best fashion clothing and reasonable price of the offers,5,https://play.google.com/store/apps/details?id=com.myntra.android&reviewId=8a1189cc-5c7a-46b6-9989-77ea43ea20ce
bfe1e843-6c36-4a4e-bbd6-be825c87c3b0,play_store,myntra,2026-08-17T22:51:13,"Products are of avg quality and they didn't even replace shoes which was not fitting well, saying I have used it. The policies need improvement. Thanks for now, uninstalling the app for now.",1,https://play.google.com/store/apps/details?id=com.myntra.android&reviewId=bfe1e843-6c36-4a4e-bbd6-be825c87c3b0
a199d252-110d-4125-b94d-b03f8f193938,play_store,myntra,2026-08-17T22:50:25,High price,1,https://play.google.com/store/apps/details?id=com.myntra.android&reviewId=a199d252-110d-4125-b94d-b03f8f193938
1b1608af-6a79-4d46-bb9b-88a5b3482fd7,play_store,myntra,2026-08-17T22:49:21,"worst app , return experience was worst than any other app . not going to buy any product ever.. I repeat EVER",1,https://play.google.com/store/apps/details?id=com.myntra.android&reviewId=1b1608af-6a79-4d46-bb9b-88a5b3482fd7
0a4bdb9b-ed2f-486b-8034-012ef682e179,play_store,myntra,2026-08-17T21:22:13,"**“Really happy with the purchase! The quality is good, fitting is perfect, and the product looks exactly like the pictures. Definitely worth the price. Loved it! ❤️”**",5,https://play.google.com/store/apps/details?id=com.myntra.android&reviewId=0a4bdb9b-ed2f-486b-8034-012ef682e179
50e0b1a6-419b-47c6-bd8a-57f08d075318,play_store,myntra,2026-08-17T21:12:38,last 4 year i have been using this app. all the products on this site are amazing.with genuine quality and reliable price you can go for anything which is available on this platform.if anything happened all the customers executive team help you in a better way. all those who go for shopping can choose this app upon another app. return and exchange option are very reliable for anyone.... i have a great experience with this app... i genuinely appreciate all the things about this .. yogesh verma,5,https://play.google.com/store/apps/details?id=com.myntra.android&reviewId=50e0b1a6-419b-47c6-bd8a-57f08d075318
a54eaa53-d90a-4a77-9f3a-682a8948ba0f,play_store,myntra,2026-08-17T20:17:24,exprees delivery in 2 day but too costly,4,https://play.google.com/store/apps/details?id=com.myntra.android&reviewId=a54eaa53-d90a-4a77-9f3a-682a8948ba0f
b3fee1cb-29e5-4c6b-974d-9692cea399f1,play_store,myntra,2026-08-17T19:07:40,"Myntra has become such a terrible shopping app. I ordered a pair of jeans, but the size didn’t fit me, so I placed a return request. However, the delivery person failed the product during the quality check, and now my return is on hold. What is my fault in this? I returned the exact same product that I received. I don’t understand how or why the quality check was failed. Myntra seems to be becoming fraudulent these days. We shop from Myntra trusting the platform please look into this issue.",1,https://play.google.com/store/apps/details?id=com.myntra.android&reviewId=b3fee1cb-29e5-4c6b-974d-9692cea399f1
5bea6de1-0cdb-4aa2-842d-0dd702f29336,play_store,myntra,2026-08-17T19:02:21,"low price, better quality.",5,https://play.google.com/store/apps/details?id=com.myntra.android&reviewId=5bea6de1-0cdb-4aa2-842d-0dd702f29336
1a3860bd-38cc-45c0-b4aa-5babda384854,play_store,myntra,2026-08-17T18:39:55,"⭐ 1/5 Very disappointing experience. I requested an exchange due to a fitting issue, but as I was not available at home during pickup, the exchange was cancelled. Now I’m stuck with the old product despite the fitting issue. Customer care is also not helping—no proper response on call or chat. Very poor service. I won’t be using this app again. I will rate zero",1,https://play.google.com/store/apps/details?id=com.myntra.android&reviewId=1a3860bd-38cc-45c0-b4aa-5babda384854
bf14190c-0280-4d1d-b188-955ff96f2b0c,play_store,myntra,2026-08-17T18:06:48,Good place to buy fashion,4,https://play.google.com/store/apps/details?id=com.myntra.android&reviewId=bf14190c-0280-4d1d-b188-955ff96f2b0c
5b4101c3-01f8-48d5-aa23-78b92cff7aed,play_store,myntra,2026-08-17T17:42:31,"Now days myntra is selling fake products or low quality products. Stop buying things from this application. now this is the high time for offline shopping. these applications are not convenient or provide any services instead they are just selling fake products. Recently I ordered a black comfy shirt from this app brand here&now and I received a fake cheap quality shirt brand name is ""urban buccachi"" and this is not the single case there are multiple incidents in a row.",1,https://play.google.com/store/apps/details?id=com.myntra.android&reviewId=5b4101c3-01f8-48d5-aa23-78b92cff7aed
b565f11c-83e2-4d49-addd-a25996f2258d,play_store,myntra,2026-08-17T17:22:58,First time purchase nice experience thank you Mantra I'm very happy 😊,5,https://play.google.com/store/apps/details?id=com.myntra.android&reviewId=b565f11c-83e2-4d49-addd-a25996f2258d
6dc6d219-2dab-49bc-9b50-708cdbf591e1,play_store,myntra,2026-08-17T16:03:46,"Myntra is one of the best apps for online clothes shopping. It has a huge collection of clothes, shoes, accessories, and fashion brands for men, women, and kids. The app is easy to use, prices and offers are attractive, and delivery is generally convenient. Overall, Myntra is a great choice for anyone looking for stylish and affordable fashion online.",5,https://play.google.com/store/apps/details?id=com.myntra.android&reviewId=6dc6d219-2dab-49bc-9b50-708cdbf591e1
647ea21c-937a-4054-936e-c38d6487f61e,play_store,myntra,2026-08-17T15:37:54,"very disappointed with the service of myntra receiving completely different product n different size not once but multiple times, even my friend also facing same issues, being the oldest customer i never faced such issues before.",1,https://play.google.com/store/apps/details?id=com.myntra.android&reviewId=647ea21c-937a-4054-936e-c38d6487f61e
b0f85bd2-94fb-4e7c-9955-51848bf5fc2e,play_store,myntra,2026-08-17T13:51:31,"it is a good application , assets on this application is good and affordable , products whom I purchased was good quality so i just saying my experience on this application is nice , I like ittt",5,https://play.google.com/store/apps/details?id=com.myntra.android&reviewId=b0f85bd2-94fb-4e7c-9955-51848bf5fc2e
c6d21f2c-f496-40f9-8dc7-c79a96fbd163,play_store,myntra,2026-08-17T13:45:28,latest fashion with affordable prices.,5,https://play.google.com/store/apps/details?id=com.myntra.android&reviewId=c6d21f2c-f496-40f9-8dc7-c79a96fbd163
2ab7940b-9d56-454e-9ce4-d0b7a74e2128,play_store,myntra,2026-08-17T12:58:10,"Whatever I purchase from Myntra is always of very good quality, and I’ve consistently had a great experience with their products. The materials feel premium, the stitching is neat, and everything looks exactly as shown in the pictures.",5,https://play.google.com/store/apps/details?id=com.myntra.android&reviewId=2ab7940b-9d56-454e-9ce4-d0b7a74e2128
feb51fb8-78ba-4908-8c0d-1ad23a3a06dc,play_store,myntra,2026-08-17T11:42:31,Amazing products at reasonable prices..great experience 👍👍,5,https://play.google.com/store/apps/details?id=com.myntra.android&reviewId=feb51fb8-78ba-4908-8c0d-1ad23a3a06dc
3788e425-7ae0-41b0-a584-d7be0d852924,play_store,myntra,2026-08-17T11:32:21,it's a very good platform for purchase any product at good prices,5,https://play.google.com/store/apps/details?id=com.myntra.android&reviewId=3788e425-7ae0-41b0-a584-d7be0d852924
b390bf2d-3dee-4648-a454-d4998f305d3e,play_store,myntra,2026-08-17T10:50:03,Earlier we used to able to redeem MN cash irrespective of minimum order value. but now they have made minimum amount to withdraw the MN cash which is waste. we can't even order a single product or less quantity product with MN cash. we have to add more or additional product and make a minimum fixed amount of cart value then MN cash can be used. Uninstalling the app as there are no coupons which can be used nor MN cash can be redeemed. pay the MRP price only without discounts.,1,https://play.google.com/store/apps/details?id=com.myntra.android&reviewId=b390bf2d-3dee-4648-a454-d4998f305d3e
9779595b-2fb8-4823-9ba7-2e57102a2883,play_store,myntra,2026-08-17T10:32:24,"Don't buy from Myntra...These guys are fraud, out n out. Last order came with all products minus one. It was in the sealed envelop. When I complained about it, they said ""from our end all the products were delivered"". Happend the same fraud with my brother also...Choose a trusted seller like TATA and they are cheaper also.",1,https://play.google.com/store/apps/details?id=com.myntra.android&reviewId=9779595b-2fb8-4823-9ba7-2e57102a2883
0005df0d-f52f-467d-a184-243abfa4a4cf,play_store,myntra,2026-08-17T10:31:21,"original product, can buy without doubt",5,https://play.google.com/store/apps/details?id=com.myntra.android&reviewId=0005df0d-f52f-467d-a184-243abfa4a4cf
1199b6b3-bf8f-4593-a8fd-e3f09053fed9,play_store,myntra,2026-08-17T10:28:33,excellent quality. Reasonable price. I m fully satisfied,5,https://play.google.com/store/apps/details?id=com.myntra.android&reviewId=1199b6b3-bf8f-4593-a8fd-e3f09053fed9
32fb2a07-af7f-4b78-bf88-61f7dc75fd14,play_store,myntra,2026-08-17T10:23:55,Great Service but Price Are Slightly Higher than other platforms,4,https://play.google.com/store/apps/details?id=com.myntra.android&reviewId=32fb2a07-af7f-4b78-bf88-61f7dc75fd14
40c7a227-4f8e-449c-8572-021cd57c5cd9,play_store,myntra,2026-08-17T09:49:48,best app where you can get quality product and also at cheap rate compare to other platforms,5,https://play.google.com/store/apps/details?id=com.myntra.android&reviewId=40c7a227-4f8e-449c-8572-021cd57c5cd9
7194d94d-28c0-49e3-ba2d-e7124866fb52,play_store,myntra,2026-08-17T08:14:45,Branded clothes on good price.,5,https://play.google.com/store/apps/details?id=com.myntra.android&reviewId=7194d94d-28c0-49e3-ba2d-e7124866fb52
e8e0fc9f-4f69-46e3-8d8c-11b52d283200,play_store,myntra,2026-08-17T07:57:40,right place to buy your own products on right price,5,https://play.google.com/store/apps/details?id=com.myntra.android&reviewId=e8e0fc9f-4f69-46e3-8d8c-11b52d283200
0cb40d10-3fd9-4813-8862-4bd8f5cf3cbe,play_store,myntra,2026-08-17T07:40:18,Quality purchase,5,https://play.google.com/store/apps/details?id=com.myntra.android&reviewId=0cb40d10-3fd9-4813-8862-4bd8f5cf3cbe
819d7e26-3c9f-40cd-bb1f-f34b39071e2d,play_store,myntra,2026-08-17T06:55:05,About the quality of products it's amazing but if you have to return or replace the product it's a nuisance. I had to replace the product due to it being small in size but it failed the quality check because there were the tags but the logo was not given there which is totally their fault but who suffers? it's me. I never expected this from myntra and I'm really disappointed coz till now it is the worst returning experience I've received from literally any app!,2,https://play.google.com/store/apps/details?id=com.myntra.android&reviewId=819d7e26-3c9f-40cd-bb1f-f34b39071e2d
1a92f3fa-708e-478d-8164-dfaf22365dc2,play_store,myntra,2026-08-17T06:42:35,Bought Fbella satin night dress via myntra. Its quality is like amazing. Fully satisfied with the quality I ordered and it's worth to buy.,5,https://play.google.com/store/apps/details?id=com.myntra.android&reviewId=1a92f3fa-708e-478d-8164-dfaf22365dc2
b41c3fab-a3f5-4944-84bd-d57a27b9f23e,play_store,myntra,2026-08-17T01:06:00,"I recently ordered a formal shirt from Myntra, and it exceeded my expectations. The fabric quality is top-notch—soft, breathable, and premium to touch. The fit is true to size, giving a clean, tailored look, while the color matches the product photos online. Stitching and details are well-crafted with no loose threads. It handles washing well without shrinking or fading. Myntra's delivery was fast, and the packaging kept everything in perfect shape. Great",5,https://play.google.com/store/apps/details?id=com.myntra.android&reviewId=b41c3fab-a3f5-4944-84bd-d57a27b9f23e
d1f2eca5-8385-4286-965b-0dfbd1b5ff31,play_store,myntra,2026-08-17T00:46:24,One of the best platform to buy clothes. I like Myntra collection and purchasing experience. Thank you,5,https://play.google.com/store/apps/details?id=com.myntra.android&reviewId=d1f2eca5-8385-4286-965b-0dfbd1b5ff31
e1724c8a-19c8-4c15-9841-626b4047b0aa,play_store,myntra,2026-08-16T23:52:23,great prices,4,https://play.google.com/store/apps/details?id=com.myntra.android&reviewId=e1724c8a-19c8-4c15-9841-626b4047b0aa
2651368d-e7b8-434a-8849-ca6431c5388b,play_store,myntra,2026-08-16T21:52:02,"Bahut hi pyaari shirt hai! Iska green rang bilkul waisa hi hai jaisa photo mein dikh raha tha. Fabric kaafi soft aur comfortable hai. Fitting bhi perfect aayi. Highly recommended!""",5,https://play.google.com/store/apps/details?id=com.myntra.android&reviewId=2651368d-e7b8-434a-8849-ca6431c5388b
2eb1268e-45b4-437d-a9d0-5ff15f2384cc,play_store,myntra,2026-08-16T21:07:54,"variety of stuff to buy from, different brands are available. However, the platform fees keeps on rising with each passing day which isn’t likeable.",4,https://play.google.com/store/apps/details?id=com.myntra.android&reviewId=2eb1268e-45b4-437d-a9d0-5ff15f2384cc
7b272d35-7876-4e6f-9fb7-cfb973cdbf4d,play_store,myntra,2026-08-16T20:36:53,"Myntra has variety of different products. good quality, fashionable and trendy but little bit High price..",4,https://play.google.com/store/apps/details?id=com.myntra.android&reviewId=7b272d35-7876-4e6f-9fb7-cfb973cdbf4d
32cbc881-6f67-4894-bb85-d31afe112ad8,play_store,myntra,2026-08-16T20:31:44,I used myntra for the first time to buy some clothes and when I ordered the clothes I got scammed by delivery where I got only half my items and I complained myntra about how this matter should be resolved and they took like 5 days and told me forget you refund we won't even give you your item back .... that's so unprofessionalism by myntra and it's team so from now on I will never buy product from myntra ..... EDIT:- I mailed them but I am not getting response,1,https://play.google.com/store/apps/details?id=com.myntra.android&reviewId=32cbc881-6f67-4894-bb85-d31afe112ad8
1c1a9a84-8f0b-4fe5-8af9-bf23e9e59944,play_store,myntra,2026-08-16T19:23:45,"myntra is one of the best platform to shop,evey items are here and no duplicate products unlike other shopping apps, and in myntra we can get items at low price than other shopping apps, I've been using myntra for quite some time and it has never disappointed me, so i insist that you guys to use myntra , one of the best app for shopping...",5,https://play.google.com/store/apps/details?id=com.myntra.android&reviewId=1c1a9a84-8f0b-4fe5-8af9-bf23e9e59944
1820d57b-430c-4045-b892-e506b5f76e6f,play_store,myntra,2026-08-16T19:04:11,authentic products with reasonable price 🥰,5,https://play.google.com/store/apps/details?id=com.myntra.android&reviewId=1820d57b-430c-4045-b892-e506b5f76e6f
e5200dec-9345-403f-9589-b2e59fb356d1,play_store,myntra,2026-08-16T18:55:22,"excellent, mujhe Myntra par buy karke bahut achcha Laga good experience, colour quality delivery abhi tak sab kuchh bahut achcha rha Hai sabhi to isse buy karne chahiye everything is too good but cost bhi shai honi chahiye thaki sabhi is par apni shoping kar sakte ha baby boy y girl ke liye bhi acche acche offer aane chahie thaki buy kar sake",5,https://play.google.com/store/apps/details?id=com.myntra.android&reviewId=e5200dec-9345-403f-9589-b2e59fb356d1
ec665027-5604-481a-a42e-867ad60460d3,play_store,myntra,2026-08-16T18:34:46,customer care of this app doesn't work. you can't even return or exchange products once bought.,1,https://play.google.com/store/apps/details?id=com.myntra.android&reviewId=ec665027-5604-481a-a42e-867ad60460d3
ce9f2885-9c2a-48ee-8a92-4cccde4ed160,play_store,myntra,2026-08-16T18:26:48,Awesome Product buy from Myntra Mindblowing experience,5,https://play.google.com/store/apps/details?id=com.myntra.android&reviewId=ce9f2885-9c2a-48ee-8a92-4cccde4ed160
d7246f68-408c-46f7-8358-55536a08e926,play_store,myntra,2026-08-16T18:05:17,besttttt app for purchase any products.. quality of the products is quite good.. please guys go for it,5,https://play.google.com/store/apps/details?id=com.myntra.android&reviewId=d7246f68-408c-46f7-8358-55536a08e926
6268e2c5-75a4-4c9e-b204-971390b84b0e,play_store,myntra,2026-08-16T17:55:48,Worst shopping experience. The customer executive is unable to give any solution. All my money is gone. Never going to buy from Myntra again.,1,https://play.google.com/store/apps/details?id=com.myntra.android&reviewId=6268e2c5-75a4-4c9e-b204-971390b84b0e
95c67d6c-ee6d-4aa4-8cec-4424cc67a3d7,play_store,myntra,2026-08-16T17:25:21,"worst app. don't buy anything from myntra. there is no return, no refund, nothing. fraud company of scammers. please don't download..... boycott myntra",1,https://play.google.com/store/apps/details?id=com.myntra.android&reviewId=95c67d6c-ee6d-4aa4-8cec-4424cc67a3d7
fe6b8e86-1638-4b4e-b4d8-d527a1d554f9,play_store,myntra,2026-08-16T17:22:49,"myntra is my Go-to app for almost everything since 9-10 years now...the quality , quantity and even the fit n the design is top notch! prices r always reasonable.. never had I ever faced any trouble or issues in returning or exchanging anything if there was a need. myntra is the best!",5,https://play.google.com/store/apps/details?id=com.myntra.android&reviewId=fe6b8e86-1638-4b4e-b4d8-d527a1d554f9
ff6e33f3-6103-42ae-a539-8a9f0a5c8bfa,play_store,myntra,2026-08-16T17:15:07,"very third class app ,delivery boy didn't exchange a product and show delivered, regarding that we complain,they investigate and then they dont do exchange , product returned ,same delivery boy picked up return , although they didn't created amount ,everytime again and again they ask every details , when you inform they say aapki aawaj sahi se nahi aa rahi, they don't have proper sytem which show costomer complain for and they accept return was happed on 10 august,so why not creadited",1,https://play.google.com/store/apps/details?id=com.myntra.android&reviewId=ff6e33f3-6103-42ae-a539-8a9f0a5c8bfa
87e324c7-1cbf-46bc-b96f-60e1cf231a87,play_store,myntra,2026-08-16T16:49:21,"Really happy with my purchase from Myntra! The pants are very good quality, and the size fits me perfectly. The material and fitting are great. Definitely happy with my purchase! 💕",5,https://play.google.com/store/apps/details?id=com.myntra.android&reviewId=87e324c7-1cbf-46bc-b96f-60e1cf231a87
d3bc9d0f-92c5-4aab-85ca-496e5d82d090,play_store,myntra,2026-08-16T16:42:56,good app but prices are higher of products as compared to flipkart and amazon..,4,https://play.google.com/store/apps/details?id=com.myntra.android&reviewId=d3bc9d0f-92c5-4aab-85ca-496e5d82d090
92d3f672-64c0-4fa0-99f2-adbecd00e176,play_store,ajio,2026-08-20T14:12:11,Too expensive some time,3,https://play.google.com/store/apps/details?id=com.ril.ajio&reviewId=92d3f672-64c0-4fa0-99f2-adbecd00e176
e938a91a-c8ac-4060-9edc-39b7cfa8cb85,play_store,ajio,2026-08-20T12:19:11,worst app never buy from it these idiot will never pay your refunds😡😡😡,1,https://play.google.com/store/apps/details?id=com.ril.ajio&reviewId=e938a91a-c8ac-4060-9edc-39b7cfa8cb85
462c19c8-1ca3-4c9c-ba23-247bfe324801,play_store,ajio,2026-08-20T09:35:00,best collection work out the price rate,5,https://play.google.com/store/apps/details?id=com.ril.ajio&reviewId=462c19c8-1ca3-4c9c-ba23-247bfe324801
6b3e70ee-d7cd-4b38-a313-dce8de3b3929,play_store,ajio,2026-08-20T08:37:42,very nice purchase flatform,5,https://play.google.com/store/apps/details?id=com.ril.ajio&reviewId=6b3e70ee-d7cd-4b38-a313-dce8de3b3929
4a2ead76-31ea-404b-8d10-ba56fcd37ba1,play_store,ajio,2026-08-20T03:03:41,heavy T-shirt look of picture so after delivered product and I check product quality then decision for ajio software an gave star. ok so plz batter quality delivered of my products.,4,https://play.google.com/store/apps/details?id=com.ril.ajio&reviewId=4a2ead76-31ea-404b-8d10-ba56fcd37ba1
3d056b65-4f77-4478-97dd-f1de1188d0a3,play_store,ajio,2026-08-19T20:37:56,best Shopping app at a reasonable price and worth it for products,5,https://play.google.com/store/apps/details?id=com.ril.ajio&reviewId=3d056b65-4f77-4478-97dd-f1de1188d0a3
e26d8c15-be47-45b0-9882-304a195aedf7,play_store,ajio,2026-08-19T14:51:16,"Extremely poor experience with AJIO. I paid for a product that was never delivered, yet AJIO later said it was “returned” and initiated a refund. I never cancelled or requested a return. Despite 20+ emails, repeated follow-ups and escalations, no proper explanation was provided. The product price increased significantly, but AJIO refused to consider the price difference. Very disappointing customer service, poor accountability and no genuine resolution.Very very Bad and extremely worst service.",1,https://play.google.com/store/apps/details?id=com.ril.ajio&reviewId=e26d8c15-be47-45b0-9882-304a195aedf7
80c6262e-f178-4636-ae42-985e3847294f,play_store,ajio,2026-08-19T14:10:01,"Bad quality products with a higher price. Return process is very lengthy. Not expected :( Ordered Kurta Set from Ajio twice and 1st one was very poor in fabric and the 2nd one is from e different brand which is shown is the app and also the fit is horrible and while I tried returning the product, they asked to send photos of the product again and again. Return process is very lengthy. And currently I had to contact them and mail them for just a return 👎👎 Not at all satisfied!",1,https://play.google.com/store/apps/details?id=com.ril.ajio&reviewId=80c6262e-f178-4636-ae42-985e3847294f
954357b8-c6d1-443c-a0ef-d8a2b29c4223,play_store,ajio,2026-08-19T00:24:30,easy buy emi scheme,4,https://play.google.com/store/apps/details?id=com.ril.ajio&reviewId=954357b8-c6d1-443c-a0ef-d8a2b29c4223
015d7825-4b58-4cbe-a942-af56d8c7859d,play_store,ajio,2026-08-18T22:49:51,one of the worst app ever and suspending account with no valid reason and giving unnecessary excuses and people need to see the alternative app to purchase and avoid such apps from buying anything. Pathetic Apps and never recommended,1,https://play.google.com/store/apps/details?id=com.ril.ajio&reviewId=015d7825-4b58-4cbe-a942-af56d8c7859d
8567f0b4-d2f3-4c93-a635-75e09c51bc15,play_store,ajio,2026-08-18T17:27:45,"Ordered 3 items and 3 of them are very cheap and 3rd class, i am not going to use this app anymore It is a very bad experience",1,https://play.google.com/store/apps/details?id=com.ril.ajio&reviewId=8567f0b4-d2f3-4c93-a635-75e09c51bc15
a713ee82-f560-4c25-bc24-f824375d3487,play_store,ajio,2026-08-18T12:54:33,"I have not received my order after the complaints also.. The worst experience I have.. please don't buy anything from this app. The customer care executive & their solution are also the worst . .. i placed my order on the 8th of August The delivery date of the products was 10th. today is the 18th, no communication no updates.. consider THIS APP was Scam app..",1,https://play.google.com/store/apps/details?id=com.ril.ajio&reviewId=a713ee82-f560-4c25-bc24-f824375d3487
ef906c03-c5c8-4da3-9be5-c6dfaad77f98,play_store,ajio,2026-08-18T00:29:06,"Ajio, I want to ask you something, is the capacity of maximum 70 wishlist item justified? Who in this world has advised you guys to to keep the maximum wishlist capasiti of 70 item only. Really are you guys serious??? In other websites one can save 1000 and above and sometimes unlimited items in the wishlist.",2,https://play.google.com/store/apps/details?id=com.ril.ajio&reviewId=ef906c03-c5c8-4da3-9be5-c6dfaad77f98
37734eda-cd86-4130-9c06-318caa34b8b0,play_store,ajio,2026-08-17T23:44:53,Reasonable price and good quality products 🤗,5,https://play.google.com/store/apps/details?id=com.ril.ajio&reviewId=37734eda-cd86-4130-9c06-318caa34b8b0
17e18d3c-f7de-41a9-8893-ef6f15cec96c,play_store,ajio,2026-08-17T20:39:14,bad experience... completely scammers i placed a order it's Textured Mid-Calf Chelsea Boots that quality of boots were so bad So I return the product...In the returning option Money as to be reflect in my bank account amount Rs ₹954.18 I received a email after pick up of the product say that my money will reflect In my Ajio wallet I mean who what that... I'm trying to reach the support team no response..what joke this application is please don't place or buy anything from this application,1,https://play.google.com/store/apps/details?id=com.ril.ajio&reviewId=17e18d3c-f7de-41a9-8893-ef6f15cec96c
0429f30a-6d1d-449c-ba51-cd2153231371,play_store,ajio,2026-08-17T19:05:56,"AJIO’s customer service has been extremely disappointing. Resolving even a basic issue feels unnecessarily complicated, and getting proper assistance from a customer-care executive is frustrating. The third-party delivery service used by AJIO is also a hassle, with poor coordination and an overall inconvenient experience. For a platform of this size, the customer support and delivery experience should be much more reliable and straightforward. Definitely not the experience I expected from AJIO.",1,https://play.google.com/store/apps/details?id=com.ril.ajio&reviewId=0429f30a-6d1d-449c-ba51-cd2153231371
a523939d-d724-4af0-aa01-adc038f16ff6,play_store,ajio,2026-08-17T15:55:39,"I have this problem with Ajio: when I like a product, it is cheaper, but when I go to buy it the next day, its price increases. This is completely wrong. Also, if I want to reorder a product I've already bought, they demand a higher price for it the second time.",2,https://play.google.com/store/apps/details?id=com.ril.ajio&reviewId=a523939d-d724-4af0-aa01-adc038f16ff6
93a87ce6-7b61-43e5-a8d1-50964cd7dcbe,play_store,ajio,2026-08-17T14:52:04,strict action should be taken against these culprits. I ordered a jeans but they delivered wrong fit jeans. they were not accepting return or exchange of the product and when I contacted them through toll free number my bank account was deducted by Rs.6000/-. Beware of these bastards,1,https://play.google.com/store/apps/details?id=com.ril.ajio&reviewId=93a87ce6-7b61-43e5-a8d1-50964cd7dcbe
b6f2229d-ad47-4cb9-b3eb-e292828f839c,play_store,ajio,2026-08-17T14:30:37,"This is a scam shopping platform.they are scamming Customers. I've ordered 2 denim pants but I received only 1 pant, so I've requested return for 2 times and they rejected both. there is no executive for customer care.there are only AI bots for customer support. Don't purchase anything from this app. I'm regretting after the purchase. Guys I've lost my 500 rupees. Please don't purchase anything from this app.",1,https://play.google.com/store/apps/details?id=com.ril.ajio&reviewId=b6f2229d-ad47-4cb9-b3eb-e292828f839c
bc79bf55-6161-4212-9d61-863cc320897d,play_store,ajio,2026-08-17T12:44:02,"I received an order that was not the correct size, even though M is my perfect size for most clothes so i ordered exchange but during exchange they rejected saying brand name and colour doesn't match. It was Neonmad Tshirt and there was no brandname mentioned here.",1,https://play.google.com/store/apps/details?id=com.ril.ajio&reviewId=bc79bf55-6161-4212-9d61-863cc320897d
e1aae924-9d26-464c-810f-b4f237f66ae8,play_store,ajio,2026-08-17T10:32:41,it's good in expensive,5,https://play.google.com/store/apps/details?id=com.ril.ajio&reviewId=e1aae924-9d26-464c-810f-b4f237f66ae8
3115d571-48b1-44c4-90d5-d26b345080ae,play_store,ajio,2026-08-17T09:42:58,best price and best quality products,5,https://play.google.com/store/apps/details?id=com.ril.ajio&reviewId=3115d571-48b1-44c4-90d5-d26b345080ae
645506a8-57d0-4b82-82c7-d5a26f5cc866,play_store,ajio,2026-08-17T09:11:50,good app for shopping trust me reasonable price comparing to other platforms,4,https://play.google.com/store/apps/details?id=com.ril.ajio&reviewId=645506a8-57d0-4b82-82c7-d5a26f5cc866
ec2c219e-375e-41be-9600-bb365d630a76,play_store,ajio,2026-08-16T23:14:30,awesome. price range good,5,https://play.google.com/store/apps/details?id=com.ril.ajio&reviewId=ec2c219e-375e-41be-9600-bb365d630a76
26aa4a0b-d46d-4097-893b-256b1b7eaa91,play_store,ajio,2026-08-16T22:10:02,Nice app for domestic purchases,5,https://play.google.com/store/apps/details?id=com.ril.ajio&reviewId=26aa4a0b-d46d-4097-893b-256b1b7eaa91
e41faae1-ccc4-4cae-bf97-cf9939141d95,play_store,ajio,2026-08-16T20:53:58,extremely bad...I hv bought a dress...got duplicate copy....not the real brand dress...it is not a open box delivery.....so when I opened it and it was bad...itried to return....bt they didn't accept. Pls uninstall the app... don't buy. my first experience was so bad...I am going to uninstall it.,1,https://play.google.com/store/apps/details?id=com.ril.ajio&reviewId=e41faae1-ccc4-4cae-bf97-cf9939141d95
e634b821-51ce-43eb-a8ab-0ac51edb5e21,play_store,ajio,2026-08-16T20:03:28,"worst app I have ever used in my life. Services are pathetic, can't tell what I face. 1st they don't have a customer review system to see and buy. 2nd mostly their product materials are very poor. 3rd if you didn't like and wish to return then Oh God it's done. no one will ever pick your return, you have to accept it whether you like it or not. so choose wisely, we use online shopping apps for their fast and easy services but AJIO don't count as one. wasted so many days just for a return. WORST!",1,https://play.google.com/store/apps/details?id=com.ril.ajio&reviewId=e634b821-51ce-43eb-a8ab-0ac51edb5e21
e220b9fe-7ba6-4037-9e68-a61e4ad2afe8,play_store,ajio,2026-08-16T12:21:07,best price,5,https://play.google.com/store/apps/details?id=com.ril.ajio&reviewId=e220b9fe-7ba6-4037-9e68-a61e4ad2afe8
85fb7af6-4cd0-4e56-ae86-d0497d0a336c,play_store,ajio,2026-08-16T11:51:10,Too expensive damn not good clothes enough,1,https://play.google.com/store/apps/details?id=com.ril.ajio&reviewId=85fb7af6-4cd0-4e56-ae86-d0497d0a336c
15132426-35c7-4e7e-9c3e-7b17f5b99db1,play_store,ajio,2026-08-16T10:32:10,all out of stock products will be listed while searching for products for less cost once we will open it will show out of stock. one two we can understand but many will be there like that especially Avaasa brand.,1,https://play.google.com/store/apps/details?id=com.ril.ajio&reviewId=15132426-35c7-4e7e-9c3e-7b17f5b99db1
c3f2a75d-52ba-499c-880a-6e674755d313,play_store,ajio,2026-08-16T07:12:49,offer you say is not available last moment price change adding extra charges platform fee u r doing cheating with people this my last order worst experience evear with u meesho is batter thnen you meesho is 1000 time batter then you plz do not shopping with this,1,https://play.google.com/store/apps/details?id=com.ril.ajio&reviewId=c3f2a75d-52ba-499c-880a-6e674755d313
8dff885b-e34d-4c0f-a650-4ef1901e6f76,play_store,ajio,2026-08-15T11:02:00,this is a scam you will order something and they will deliver something else you cannot exchange it because they will not let you do that and can't return also if you return their product the refund will never come back and you can't tell them your problem also because THEY JUST DON'T LISTEN!! it is clearly a scam after ordering any product you just can't get that or exchange or return they don't coordinate with costomers. never use this app it is horrible!,1,https://play.google.com/store/apps/details?id=com.ril.ajio&reviewId=8dff885b-e34d-4c0f-a650-4ef1901e6f76
5ee7015c-29f9-4a1d-8d4d-14d94bbf422b,play_store,ajio,2026-08-15T10:12:27,nice quality normal price and ajio ❤️👍,5,https://play.google.com/store/apps/details?id=com.ril.ajio&reviewId=5ee7015c-29f9-4a1d-8d4d-14d94bbf422b
e6d660ab-afa3-4a43-a2ea-ec985492d739,play_store,ajio,2026-08-14T20:57:00,I am using app more than 4 years and I have purchasing my dress mostly here but I don't for last 4+ months the product price in product list page showing one price if click inside same product shows different price or sometimes showing out of stock most of the category is the same I also updated app restarted no change so I am writing here to kindly review the product list page and product page,4,https://play.google.com/store/apps/details?id=com.ril.ajio&reviewId=e6d660ab-afa3-4a43-a2ea-ec985492d739
957b2fca-03a0-45bd-ba0a-a673e51e8c9b,play_store,ajio,2026-08-14T18:22:03,"This is the worst shopping retail app I have ever used and experienced. There is no customer support or service, no accountibility.I placed very first order and delivery time line was 13th Aug provided. But product was not even distpatched till 13th. I raised complaint to customer care and they just given timeline wait till 14 for resolution of complaint. can you imagine that? they dont respect their commitments ans SLAs. as expected No redolution till 14th as well. Never buy any item from Ajio",1,https://play.google.com/store/apps/details?id=com.ril.ajio&reviewId=957b2fca-03a0-45bd-ba0a-a673e51e8c9b
6237dde1-1da3-44ca-a0bb-e2c1226dc961,play_store,ajio,2026-08-14T17:47:53,worst customer care i cant even contact them i've got size 30 insted of 28 i want to exchange that and worst costumer care service. terrible experience,1,https://play.google.com/store/apps/details?id=com.ril.ajio&reviewId=6237dde1-1da3-44ca-a0bb-e2c1226dc961
b00e32fd-6927-4e30-8bb4-d0501e784bd9,play_store,ajio,2026-08-14T17:44:29,"worst shopping app ever ❌🚫❌🚫❌🚫❌🚫❌ don't west your time here and go other app, because costomer care system, return or exchange system are worse ever i seen , this worst ever you see ❌❌🚫🚫❌🚫🚫🚫🚫🚫",1,https://play.google.com/store/apps/details?id=com.ril.ajio&reviewId=b00e32fd-6927-4e30-8bb4-d0501e784bd9
f2dd0bfd-e4b4-4dbc-b2ad-414efdf90955,play_store,ajio,2026-08-14T16:52:10,"i ordered a set which was sent by Ajio wrong size, after placed an exchange they said item returned to warehouse.worst customer care service.",1,https://play.google.com/store/apps/details?id=com.ril.ajio&reviewId=f2dd0bfd-e4b4-4dbc-b2ad-414efdf90955
9109202c-52cb-4209-88c2-5f5eb3dd9b14,play_store,ajio,2026-08-14T15:09:17,"Ajio had good products with reasonable prices initially. Now the product pricing displayed even when coupons are applied keeps varying, the displayed price is different and at checkout price is different. You never get the discount which is mentioned. It's very unethical.",3,https://play.google.com/store/apps/details?id=com.ril.ajio&reviewId=9109202c-52cb-4209-88c2-5f5eb3dd9b14
23fd9b6c-0e88-4e9a-8916-5abca6122105,play_store,ajio,2026-08-14T15:08:57,"I ordered jeans from Ajio platform, which cost Rs 1335 but when I received the parcel I opened the parcel and found socks which cost only Rs 450 So since I received the wrong item I requested to return the product When the person came to take back the product he refused to accept the item he told me that you had ordered jeans and I have been asked to take back only the jeans Which I never got. so I wasted my valuable time and money and felt mentally exhausted because of this platform",1,https://play.google.com/store/apps/details?id=com.ril.ajio&reviewId=23fd9b6c-0e88-4e9a-8916-5abca6122105
f0b64061-d3a8-427c-ac7f-52742f271ef6,play_store,ajio,2026-08-13T21:46:04,Bahut hi Ghatiya Aap hai Koi Bhi Order Mat Karo Isa aap ke Costomer Sports Service Bahut hi Bakabs hai Koi Help Nahi karta yaha Ghatiya,1,https://play.google.com/store/apps/details?id=com.ril.ajio&reviewId=f0b64061-d3a8-427c-ac7f-52742f271ef6
9fb13fae-442e-44de-9507-7bb159c0416a,play_store,ajio,2026-08-13T20:00:53,good purchase,5,https://play.google.com/store/apps/details?id=com.ril.ajio&reviewId=9fb13fae-442e-44de-9507-7bb159c0416a
92838003-1c94-4a35-ac11-9b18c24b088c,play_store,ajio,2026-08-13T17:19:26,"I have a very bad experience with ajio. Create an exchange due to a size issue, wait 1 week for it. but at the end you informed me that we couldn't deliver the exchange, please create a return request. In this deal i waste my time and block my money for almost 2 weeks.",1,https://play.google.com/store/apps/details?id=com.ril.ajio&reviewId=92838003-1c94-4a35-ac11-9b18c24b088c
9dc04fd4-2749-4fb5-a165-cb4e18a830f8,play_store,ajio,2026-08-13T12:21:05,quality is very good but price is and discount not apply,2,https://play.google.com/store/apps/details?id=com.ril.ajio&reviewId=9dc04fd4-2749-4fb5-a165-cb4e18a830f8
dfc0753b-6907-4caa-85b4-c39894940ef3,play_store,ajio,2026-08-13T08:50:28,I regret trusting on this app..worst app ...worst products...worst offers...go for meesho and shopsy instead ..hate this app,1,https://play.google.com/store/apps/details?id=com.ril.ajio&reviewId=dfc0753b-6907-4caa-85b4-c39894940ef3
786d67da-61ea-42bd-ace4-7f9da798e9c0,play_store,ajio,2026-08-13T01:02:51,"Worst experience with this app. Suggesting people not to buy anything from Ajio. Everyday they keep increasing my delivery fee from 29 to 49rs and then today its showing 59rs. No customer support, canceling orders anytime and increasing delivery fees everyday.",1,https://play.google.com/store/apps/details?id=com.ril.ajio&reviewId=786d67da-61ea-42bd-ace4-7f9da798e9c0
4e118c80-7f9d-446c-b3d9-fd7a24c7f6af,play_store,ajio,2026-08-12T21:55:53,"WORST SHOPPING APP EVER !! whenever I'm trying to open cart to place an order, it says ""You can't place a new order"". What kind of shopping app is this?",1,https://play.google.com/store/apps/details?id=com.ril.ajio&reviewId=4e118c80-7f9d-446c-b3d9-fd7a24c7f6af
6a553e7b-f150-4929-b6c7-87cd3a698a2b,play_store,ajio,2026-08-12T18:56:20,"Worst shopping aap I had used ever in life. There is no facility of costumer service and delivery is extremely late,it takes two weeks to deliver a single order.",1,https://play.google.com/store/apps/details?id=com.ril.ajio&reviewId=6a553e7b-f150-4929-b6c7-87cd3a698a2b
c6eddd83-4ab9-4869-8a0e-a4ba5ca8f9ae,play_store,ajio,2026-08-12T17:51:25,This is literally one of the worst e-commerce app. The service is terrible the clothing quality is terrible. And don't forget they never timely deliver your product they alway delay it. The customer service is also terrible. Kindly save your data & storage and don't download this app,1,https://play.google.com/store/apps/details?id=com.ril.ajio&reviewId=c6eddd83-4ab9-4869-8a0e-a4ba5ca8f9ae
dc23e162-b0b8-47f5-a349-8298ef204243,play_store,ajio,2026-08-12T12:17:17,I don't see offers running in Ajio applicable for me ..and I have brought to your notice via the customer service earlier and more than once how ever no help has been offered on the same .. could you please look into this and make it available for me on my cart too... am aware of d conditions but this is like there is so much difference in how d offers r running and always out of stock etc .. it's like I see offers n stock are not made AVAILABLE to me.,1,https://play.google.com/store/apps/details?id=com.ril.ajio&reviewId=dc23e162-b0b8-47f5-a349-8298ef204243
ad23e064-9f39-4fe8-87d4-02351d7601b1,play_store,ajio,2026-08-12T00:20:03,"Zero stars from my side. This is one of the worst applications I have ever used. What you see and order on the app is not what you actually receive. The products are often of cheap quality and do not match the quality shown on the app The customer service is extremely poor, and my refund experience has been even worse. It has been 3 days, and I still haven’t received my refund. There is no proper response or satisfactory support from customer service.Overall,AJIO’s service is extremely pathetic",1,https://play.google.com/store/apps/details?id=com.ril.ajio&reviewId=ad23e064-9f39-4fe8-87d4-02351d7601b1
a8748998-c928-4f30-a1c8-ed3c0ff9bffd,play_store,ajio,2026-08-11T23:04:53,"App experience, not great, search took forever, every new click is greeted with an ad - why? my intention to use the app is to make a purchase, those ridiculous ad end up slowing the app beyond usability.",2,https://play.google.com/store/apps/details?id=com.ril.ajio&reviewId=a8748998-c928-4f30-a1c8-ed3c0ff9bffd
e775035e-3bfb-4a41-8f62-6f7fd1a29500,play_store,ajio,2026-08-11T15:32:44,"Very disappointing experience with AJIO. I placed a prepaid order, but AJIO cancelled it after accepting my payment, saying the product failed their quality check. The same product is now available at a higher price. I requested the product at my original order price since AJIO cancelled the order, but customer support did not resolve the issue and only focused on the refund. Refunding my money does not solve the actual problem. Very poor customer service.",1,https://play.google.com/store/apps/details?id=com.ril.ajio&reviewId=e775035e-3bfb-4a41-8f62-6f7fd1a29500
e6b1f22a-879b-47b8-bc58-8b2466346148,play_store,ajio,2026-08-11T15:10:27,itna ganda aap hai kuch bhi order kro to jaldi milta bhi nhi hai upper ja time ye log dete hai usme bhi product ni milta hai koi sarvice bhi achi ni costomer cear se bhi koi help ni milta hai total bakwas aap hai mera order tumlog aaj ke aaj de skte ho nhi de sakte qki ghatiya sarvice hai ajio ka,1,https://play.google.com/store/apps/details?id=com.ril.ajio&reviewId=e6b1f22a-879b-47b8-bc58-8b2466346148
18587fe4-0244-40ca-a44c-cd19236a7edb,play_store,ajio,2026-08-11T14:01:55,"Ajio has scammed me, sent a wrong product and then denied the refund.. Don't buy from their platform. Their customer service should take lessons from online retail like Myntra, Amazon, Flipkart.",1,https://play.google.com/store/apps/details?id=com.ril.ajio&reviewId=18587fe4-0244-40ca-a44c-cd19236a7edb
26e43d7c-2195-450a-b1c9-ef211b8d264c,play_store,ajio,2026-08-11T05:08:11,because this is a gorgeous app because many of things search but things are very capable for all boys and and easy for buy very good quality ❤️😀,5,https://play.google.com/store/apps/details?id=com.ril.ajio&reviewId=26e43d7c-2195-450a-b1c9-ef211b8d264c
97a67729-179f-4fc9-aec0-4b770a63473a,play_store,ajio,2026-08-11T00:04:57,"one of the WORST shopping app. ordered 1st time, just wanted to change the size of same product, it's been more than 18 days, u people are not delivering product, nothing is on ur app, no despatch, delivery update. ur customer support always says wait for 2-3 days more, after 2-3 days when I call they say same sentences, after 2-3 days they say to call after 2-3 days, reply on mail is same- call after 2-3 days. if I had seen the reviews earlier, i wouldn't have placed the order.",1,https://play.google.com/store/apps/details?id=com.ril.ajio&reviewId=97a67729-179f-4fc9-aec0-4b770a63473a
674164a3-8d9a-4b89-a9a3-8dfabaf0ad24,play_store,ajio,2026-08-10T23:01:29,"Pathetic company. I placed an order on 4th Aug. Delivery date was 9th. Today it's the 10th and I haven't RCVD the order. If I wish to cancel then only the product cost will be refunded and the not hefty charge which they collect from you in the name of convenience fees. It's gone forever. Imagine if they play this trick with at least 1000 customers/day, how much money they generate without spending a penny.",1,https://play.google.com/store/apps/details?id=com.ril.ajio&reviewId=674164a3-8d9a-4b89-a9a3-8dfabaf0ad24
33953278-9c8c-4609-92b0-91ef1175d110,play_store,ajio,2026-08-10T22:55:20,very slow app and also very muchh higher prices to othe shipping app,1,https://play.google.com/store/apps/details?id=com.ril.ajio&reviewId=33953278-9c8c-4609-92b0-91ef1175d110
f811b49d-fccf-4507-be8d-34daff858ec4,play_store,ajio,2026-08-10T21:53:05,worst app mostly u will receive wrong size old clothes or used and very late delivery not as shown by them .,1,https://play.google.com/store/apps/details?id=com.ril.ajio&reviewId=f811b49d-fccf-4507-be8d-34daff858ec4
33d58b1c-8e97-4f93-8b05-775d954b699d,play_store,ajio,2026-08-10T19:00:53,Friendly prices,5,https://play.google.com/store/apps/details?id=com.ril.ajio&reviewId=33d58b1c-8e97-4f93-8b05-775d954b699d
82a6254e-a443-4c21-b1da-3f491148388c,play_store,ajio,2026-08-10T18:44:08,This app is fraud basically... they sell things in the name of non returnable items and sell something extremely dirty cheap level stuff and scam people!!! above all their customer service is beyond reach?!! so basically it's a fraud!!!,1,https://play.google.com/store/apps/details?id=com.ril.ajio&reviewId=82a6254e-a443-4c21-b1da-3f491148388c
67f76ab8-fdb1-4194-a8e5-984ed670cbd3,play_store,ajio,2026-08-10T10:25:09,"i bought a product but its incomplete and now its neither returns nor exchange, never going to buy again from this site.",1,https://play.google.com/store/apps/details?id=com.ril.ajio&reviewId=67f76ab8-fdb1-4194-a8e5-984ed670cbd3
4b3262f3-7f8c-4649-95d2-58c7f93891f6,play_store,ajio,2026-08-10T02:50:00,worst app ever don't buy anything in this app it is full of fraud if you order to sort of size l and they give you on shorts of a size in and another of the XXl,1,https://play.google.com/store/apps/details?id=com.ril.ajio&reviewId=4b3262f3-7f8c-4649-95d2-58c7f93891f6
d7eba082-57bc-4ea4-a6f7-ba1dc919fb37,play_store,ajio,2026-08-10T00:04:11,too much price compared to other sites,1,https://play.google.com/store/apps/details?id=com.ril.ajio&reviewId=d7eba082-57bc-4ea4-a6f7-ba1dc919fb37
89cbdc11-e14d-4a76-8e96-00469bc138a2,play_store,ajio,2026-08-09T17:07:19,protect nice but price expensive,4,https://play.google.com/store/apps/details?id=com.ril.ajio&reviewId=89cbdc11-e14d-4a76-8e96-00469bc138a2
15b564a7-b760-4fc2-95e9-f0efff780548,play_store,ajio,2026-08-09T15:01:43,very bad costmer service and worst app,1,https://play.google.com/store/apps/details?id=com.ril.ajio&reviewId=15b564a7-b760-4fc2-95e9-f0efff780548
e222b348-a517-470e-acc7-a82f212d0d06,play_store,ajio,2026-08-08T22:58:45,too costly we are not able affore the cost compare to other app and quality is also more or less same,1,https://play.google.com/store/apps/details?id=com.ril.ajio&reviewId=e222b348-a517-470e-acc7-a82f212d0d06
5647d602-5241-4095-be83-e0a095e69361,play_store,ajio,2026-08-08T19:28:43,no offers and the price seems to be not worth,2,https://play.google.com/store/apps/details?id=com.ril.ajio&reviewId=5647d602-5241-4095-be83-e0a095e69361
bee919f9-eebc-492b-a95a-239f6b6a2e2d,play_store,ajio,2026-08-08T16:35:52,"AJIO has become really disappointing lately. The prices are much higher now, and almost every product I like is out of stock. There used to be so many good options and offers, but now it doesn’t feel worth shopping on the app anymore. Please improve the pricing and product availability.",2,https://play.google.com/store/apps/details?id=com.ril.ajio&reviewId=bee919f9-eebc-492b-a95a-239f6b6a2e2d
7f8386d2-147e-44cb-9970-86e4cecce92e,play_store,ajio,2026-08-08T16:11:12,"ordered more than one quantity, but got only one.. such a carelessness and non accountable behaviour by AJIO never gonna buy anything from these",1,https://play.google.com/store/apps/details?id=com.ril.ajio&reviewId=7f8386d2-147e-44cb-9970-86e4cecce92e
dd6abc53-b974-4aa8-ab61-b044ac2b45b6,play_store,ajio,2026-08-08T16:01:49,very bad experience this app is totally wrost.. don't buy from ajio... refund nhi de raha 10 days se upr hone ko h jb ki main product receive v nhi kra address glt select hogya tha jiski wajah se cancel krna pda or abhi tk refund nhi de raha,1,https://play.google.com/store/apps/details?id=com.ril.ajio&reviewId=dd6abc53-b974-4aa8-ab61-b044ac2b45b6
f195e26c-b52d-4330-8ae9-2fc50d9ec32c,play_store,ajio,2026-08-08T14:37:36,worst app no delevery on time it will take more than 15 days to deliver a product don't buy any thing in this worst app,1,https://play.google.com/store/apps/details?id=com.ril.ajio&reviewId=f195e26c-b52d-4330-8ae9-2fc50d9ec32c
a2f1a442-2299-45d7-8c6d-afb4fbc2500e,play_store,ajio,2026-08-08T09:13:54,every time price will change while placing orders,3,https://play.google.com/store/apps/details?id=com.ril.ajio&reviewId=a2f1a442-2299-45d7-8c6d-afb4fbc2500e
bf894da4-e684-4e41-a71c-f6286c334311,play_store,ajio,2026-08-08T07:59:56,"Deceptive offer. slow load of screens. The website said 30% off for 1st app purchase in app for a Rs. 49,000 lego set. On downloading it shows 30% off but max Rs 500 discount!",1,https://play.google.com/store/apps/details?id=com.ril.ajio&reviewId=bf894da4-e684-4e41-a71c-f6286c334311
906bbf51-323e-4cad-91a4-2923b6adf968,play_store,ajio,2026-08-07T23:31:13,item are available in affordable price,4,https://play.google.com/store/apps/details?id=com.ril.ajio&reviewId=906bbf51-323e-4cad-91a4-2923b6adf968
8a81b7a1-0be2-495c-ba42-03df14ef51dd,play_store,ajio,2026-08-07T21:58:00,worst experience ever I tried to give a review on their app after receiving it late but show me it's a technical error and they can't submit the feedback later I typed best immediately submitted now I'm trying to edit it but I'm unable dogla app hai do not buy from ajio !!,1,https://play.google.com/store/apps/details?id=com.ril.ajio&reviewId=8a81b7a1-0be2-495c-ba42-03df14ef51dd
4e3866d7-3828-492e-ba4f-2f5c45047482,play_store,ajio,2026-08-07T21:13:44,"1 star also is more doe ur cust care services. I prefer to talk to humans than people talking like machines irrespective of what client talks.no empathy , no understanding , no accountability.. even a supervisor talks like moat junior person. they give same info whats available on the app. u r sitting on my money for last 15 days without delivering the product.u guys have brought down Indian standards.no wonder we stil buy imported products.",1,https://play.google.com/store/apps/details?id=com.ril.ajio&reviewId=4e3866d7-3828-492e-ba4f-2f5c45047482
af902190-5fc1-46b5-a8b2-e8da4db6f3ae,play_store,ajio,2026-08-07T18:37:50,most worst shopping app can't order any thing I order 2 Shoes at price of 630 with heavy discount they Cencel that order.,1,https://play.google.com/store/apps/details?id=com.ril.ajio&reviewId=af902190-5fc1-46b5-a8b2-e8da4db6f3ae
163ebb4b-4d9c-4c49-8582-8bed3b2e8eac,play_store,ajio,2026-08-07T18:19:28,Awesome products at good price😊,5,https://play.google.com/store/apps/details?id=com.ril.ajio&reviewId=163ebb4b-4d9c-4c49-8582-8bed3b2e8eac
0c24f6a6-54e2-4188-a181-70e17dc221be,play_store,ajio,2026-08-07T17:21:41,"This is such a disgusting app, by looking at an offer I have ordered one Avasa kurti with pant actually it was 700+ because of offer , i got it for 520 ... expected delivery date is 8/8/26 but on 7/8/26 they cancelled the order by themselves and sent a message of cancellation. I asked the reason ,they said that we had only one piece and It was damaged. Then I searched for the same dress it shows the price 1999 and selling faster ......... what the hell is this app doing?????",1,https://play.google.com/store/apps/details?id=com.ril.ajio&reviewId=0c24f6a6-54e2-4188-a181-70e17dc221be
f3647129-b70e-40a5-a926-e37a14f4838a,play_store,ajio,2026-08-07T15:54:25,mai kafi time se Ajio se shopping kr rhi hu bht achcha experience raha mera lekin ab maine ek dress purchase ki usme bottom missing h lekin na vo product exchange ho rha h or na hi refund ho rha h ab batayein us adhi adhuri dress ka kya krna h I m very disappointed pehle to adhi adhuri dress bhejo fir uspe koi action b na lo aj k baad se Ajio se kbhi koi shopping nhi krungi,1,https://play.google.com/store/apps/details?id=com.ril.ajio&reviewId=f3647129-b70e-40a5-a926-e37a14f4838a
6b4ec4a4-1ef2-431a-afb2-9b7a462db31d,play_store,ajio,2026-08-07T15:36:03,very bad ajio send wrong item please dont buy any product from this ...,1,https://play.google.com/store/apps/details?id=com.ril.ajio&reviewId=6b4ec4a4-1ef2-431a-afb2-9b7a462db31d
6471fb28-9835-4cee-b2e7-4fbe656060f5,play_store,ajio,2026-08-07T14:25:58,price not match online platform,3,https://play.google.com/store/apps/details?id=com.ril.ajio&reviewId=6471fb28-9835-4cee-b2e7-4fbe656060f5
2b7cccdd-e4e3-4ef6-87ad-b2fafe54129b,play_store,ajio,2026-08-07T13:47:32,Good price,5,https://play.google.com/store/apps/details?id=com.ril.ajio&reviewId=2b7cccdd-e4e3-4ef6-87ad-b2fafe54129b
089cbb14-f916-4e3f-871c-90588e71f945,play_store,ajio,2026-08-07T13:16:12,"can't find profile icon or previous orders. there's only cart and wishlist. extremely bad experience. update: happens on first install, stopping the app and restarting fixes it. still you lost an order worth 5k this way. I purchased from Myntra. also the choosing between ajio (normal, luxe, gram) is too much cognitive load. I just wanna search.",1,https://play.google.com/store/apps/details?id=com.ril.ajio&reviewId=089cbb14-f916-4e3f-871c-90588e71f945
9e65af37-4d18-424d-8c87-020f67e1e802,play_store,ajio,2026-08-07T06:06:07,Reasonable prices and quality products,5,https://play.google.com/store/apps/details?id=com.ril.ajio&reviewId=9e65af37-4d18-424d-8c87-020f67e1e802
902c5cf8-e0db-465c-b893-42727cd3ebf1,play_store,ajio,2026-08-06T23:38:59,"i download but I m unable to place a order however I have added product to the cart while placing it is saying ""sorry you can't place a new order"" not sure how would this issue resolved? could you please take a look on priority",1,https://play.google.com/store/apps/details?id=com.ril.ajio&reviewId=902c5cf8-e0db-465c-b893-42727cd3ebf1
85caba6f-aa65-481c-bf1c-7b283dd14ab3,play_store,ajio,2026-08-06T20:15:19,"ordered brown shoes in size 11, but AJIO delivered black shoes in size 10 and still charged me for their mistake. Why should customers pay for errors made by the company? This is completely unacceptable. A similar incident happened to someone I know as well, so this doesn't seem like a one-off mistake. Poor quality control, disappointing customer service, and a terrible shopping experience. I would never recommend AJIO. Horrible service and one of the worst online shopping platforms.",1,https://play.google.com/store/apps/details?id=com.ril.ajio&reviewId=85caba6f-aa65-481c-bf1c-7b283dd14ab3
0f071774-ae7c-4742-a9c1-f85bd4d2e98d,play_store,ajio,2026-08-06T20:11:42,nice but very expensive,3,https://play.google.com/store/apps/details?id=com.ril.ajio&reviewId=0f071774-ae7c-4742-a9c1-f85bd4d2e98d
e05b6d4b-e8e0-434c-a615-4a3f475a08c8,play_store,ajio,2026-08-06T19:39:28,"please add ""buy now"" option for the products, each time when I want to buy a single product, I need to move all the products in my cart to wishlist (or remove them), so please add direct ""buy now"" option for product page just like other ecommerce platforms.",4,https://play.google.com/store/apps/details?id=com.ril.ajio&reviewId=e05b6d4b-e8e0-434c-a615-4a3f475a08c8
56a6d1e0-62a3-4e0c-98e8-1410234a993e,play_store,ajio,2026-08-06T18:35:32,worst app and the product are very bad and they didnot provide tag and when you try to return the return the product they ask for the tag don5 buy anything from this site,1,https://play.google.com/store/apps/details?id=com.ril.ajio&reviewId=56a6d1e0-62a3-4e0c-98e8-1410234a993e
0ec3cf9f-882c-46fe-9c16-06c9214650af,play_store,ajio,2026-08-06T16:52:39,"I have been using this app for last 10-12 years, but now this app version has become incompatible with my phone. sorry Ajio! you have lost a valuable and regular customer because I can't buy new phone just for this app version. this is torally Pathetic app now",1,https://play.google.com/store/apps/details?id=com.ril.ajio&reviewId=0ec3cf9f-882c-46fe-9c16-06c9214650af
d2392369-71fb-48f2-a274-3d81d1b22c53,play_store,ajio,2026-08-06T11:19:25,"Bad experience Whatever you buy from them, they will not change your product even your product is in warranty",1,https://play.google.com/store/apps/details?id=com.ril.ajio&reviewId=d2392369-71fb-48f2-a274-3d81d1b22c53
30a5ece3-e869-42c4-bdf4-55a49a5032f0,play_store,ajio,2026-08-06T07:59:42,this app has best quality clothes and better facilities I am fully content with this app. facilities that I like is they provide size chart you can choose clothes according to your height 😁,5,https://play.google.com/store/apps/details?id=com.ril.ajio&reviewId=30a5ece3-e869-42c4-bdf4-55a49a5032f0
d5f43980-7252-4875-9097-cfe10180739f,play_store,ajio,2026-08-05T23:51:32,too expensive,3,https://play.google.com/store/apps/details?id=com.ril.ajio&reviewId=d5f43980-7252-4875-9097-cfe10180739f
3ec763ee-6975-461b-865f-8ee3fd5855ea,play_store,ajio,2026-08-05T21:27:12,best and rezanebal price best and very good aap,5,https://play.google.com/store/apps/details?id=com.ril.ajio&reviewId=3ec763ee-6975-461b-865f-8ee3fd5855ea
a358a7e5-3fad-4410-8883-d808341413af,play_store,ajio,2026-08-05T19:11:36,"My request has still not been resolved after requesting multiple times. I ordered a particular product. Ajio delivers some unknown brand's product the size of which is also not right. Now you guys neither refund the product not exchange it. I've been trying for the last 15 days. This is terrible customer service and is unexpected from a ""brand"" like Ajio. This is all you reply ""don't worry"" and literally do nothing about it. I'm uninstalling the app.",1,https://play.google.com/store/apps/details?id=com.ril.ajio&reviewId=a358a7e5-3fad-4410-8883-d808341413af
1abf3511-cea7-423c-9a9e-cfec994fd7b7,play_store,ajio,2026-08-05T18:26:01,please remove platform charges because we genuinely purchase the product but the quality of product is too bad,1,https://play.google.com/store/apps/details?id=com.ril.ajio&reviewId=1abf3511-cea7-423c-9a9e-cfec994fd7b7
5bdf2f8d-8a0b-411d-8a0b-e1d79f2f0e6d,play_store,ajio,2026-08-05T18:24:47,"ajio is getting worse day by day... The richer the company becomes, the cheaper the service it provides to its customers.",1,https://play.google.com/store/apps/details?id=com.ril.ajio&reviewId=5bdf2f8d-8a0b-411d-8a0b-e1d79f2f0e6d
9ece2fd6-74b7-42ee-9130-43deece81450,play_store,ajio,2026-08-05T17:14:30,very reliable to find cheap brand products .,5,https://play.google.com/store/apps/details?id=com.ril.ajio&reviewId=9ece2fd6-74b7-42ee-9130-43deece81450
34e392da-a3e3-4864-844d-9549b32e5cf7,play_store,ajio,2026-08-05T15:12:03,price 😦,3,https://play.google.com/store/apps/details?id=com.ril.ajio&reviewId=34e392da-a3e3-4864-844d-9549b32e5cf7
471ca849-757a-4db9-a067-3adc06f097a5,play_store,ajio,2026-08-05T12:09:27,"This is the worst app I've come across. Every time I try to buy a product, it shows 'out of stock' as soon as I open it. Really frustrating.",1,https://play.google.com/store/apps/details?id=com.ril.ajio&reviewId=471ca849-757a-4db9-a067-3adc06f097a5
71d4e07e-9d26-4ff2-b106-db702541bedd,play_store,ajio,2026-08-05T10:39:01,third class app. showing results. after adding in cart it shows product not available for your location. they don't have location filter.,1,https://play.google.com/store/apps/details?id=com.ril.ajio&reviewId=71d4e07e-9d26-4ff2-b106-db702541bedd
f8ba8fd1-10fa-4f7d-8e07-3a31c632e678,play_store,ajio,2026-08-05T09:26:03,nice app with the best cost,5,https://play.google.com/store/apps/details?id=com.ril.ajio&reviewId=f8ba8fd1-10fa-4f7d-8e07-3a31c632e678
267d0878-0f71-43db-b47f-1d6e844ab819,play_store,ajio,2026-08-05T09:24:27,All sizes are not available for every product,4,https://play.google.com/store/apps/details?id=com.ril.ajio&reviewId=267d0878-0f71-43db-b47f-1d6e844ab819
720fe7d4-e33c-4c60-a98b-af5850d9e69c,play_store,ajio,2026-08-05T08:04:06,very good and reasonable price 👍,5,https://play.google.com/store/apps/details?id=com.ril.ajio&reviewId=720fe7d4-e33c-4c60-a98b-af5850d9e69c
7a74e702-5543-46d1-ac87-b26bceabe0b7,play_store,ajio,2026-08-04T22:39:01,The app is not ready to save my address. How am I supposed to proceed with my order.,1,https://play.google.com/store/apps/details?id=com.ril.ajio&reviewId=7a74e702-5543-46d1-ac87-b26bceabe0b7
53d79cd8-d8c9-4455-b636-74903b12f433,play_store,ajio,2026-08-04T22:26:20,"i ordered a shoe pair and i found it very tight now neither they are exchanging it nor returning. and customer support is totally useless. nobody picks up the call, chat supportive is slower than sloth. worst experience ever I will go to consumer forum. and never ever buy anything from Ajio. delivery partners are pathetic. Flipkart is best. i will never ever buy anything on Ajio again.",1,https://play.google.com/store/apps/details?id=com.ril.ajio&reviewId=53d79cd8-d8c9-4455-b636-74903b12f433
7532ebbb-6e6e-42e7-ac77-029e39eb6c66,play_store,ajio,2026-08-04T21:58:49,"Slow app, useless customer care, unable to cancel, no pickup on time. If you want your money to be stuck and run behind them for the same, buy from Ajio.",1,https://play.google.com/store/apps/details?id=com.ril.ajio&reviewId=7532ebbb-6e6e-42e7-ac77-029e39eb6c66
bb7d1155-05ff-4da7-8a1d-2318710517de,play_store,ajio,2026-08-04T21:32:41,I have bought some stuff from ajio on cod and now i wanted to return it. i gave my bank details wrong accidently and now trying to change bank details ... it is not working now and the products that i bought are already picked up.... i tried calling customer care no support from them.,1,https://play.google.com/store/apps/details?id=com.ril.ajio&reviewId=bb7d1155-05ff-4da7-8a1d-2318710517de
b379b440-5c30-4d70-80dc-0b9fbf15da8a,play_store,ajio,2026-08-04T21:28:11,they cancelled my 2 orders with reason given that it's from the seller's end. and we can't do anything in that. so I reorder the things and now they are imposing high prices on the same products.,1,https://play.google.com/store/apps/details?id=com.ril.ajio&reviewId=b379b440-5c30-4d70-80dc-0b9fbf15da8a
132d9871-d240-485a-9785-5bd2d19b023a,play_store,ajio,2026-08-04T19:43:34,all products duplicate don't buy anny product,1,https://play.google.com/store/apps/details?id=com.ril.ajio&reviewId=132d9871-d240-485a-9785-5bd2d19b023a
d72d0e74-c819-429a-986e-c6cf114c5b99,play_store,ajio,2026-08-04T19:18:50,big size not available 😞,4,https://play.google.com/store/apps/details?id=com.ril.ajio&reviewId=d72d0e74-c819-429a-986e-c6cf114c5b99
1ec4477b-a072-4b2a-8892-d6c4a0da9f14,play_store,ajio,2026-08-04T18:09:01,Excellent options and prices,5,https://play.google.com/store/apps/details?id=com.ril.ajio&reviewId=1ec4477b-a072-4b2a-8892-d6c4a0da9f14
58cd8ba0-602f-4e8b-aef2-faffeb408462,play_store,ajio,2026-08-04T16:56:28,it's a good platform where we can purchase good quantity products It's amazing,5,https://play.google.com/store/apps/details?id=com.ril.ajio&reviewId=58cd8ba0-602f-4e8b-aef2-faffeb408462
dc16c702-ab85-41b8-99d5-2c6097d4d657,play_store,ajio,2026-08-04T15:35:43,vrey good service and very nice product and their chepest price,4,https://play.google.com/store/apps/details?id=com.ril.ajio&reviewId=dc16c702-ab85-41b8-99d5-2c6097d4d657
6e465dca-6f7e-4efe-97df-239467a28091,play_store,ajio,2026-08-04T10:29:31,Don't buy anything from here they provide duplicate things and don't take their products back after having return policy.,1,https://play.google.com/store/apps/details?id=com.ril.ajio&reviewId=6e465dca-6f7e-4efe-97df-239467a28091
05dcda72-1710-44c1-b792-b5704c722cd1,play_store,ajio,2026-08-04T10:08:17,Please don't install this app. they're such fraud firstly they will provide you best service and after some time they will give you very cheap products and if you return it so they will not accept.,1,https://play.google.com/store/apps/details?id=com.ril.ajio&reviewId=05dcda72-1710-44c1-b792-b5704c722cd1
4d91b928-2ee7-41db-869e-27e47de5e9f6,play_store,ajio,2026-08-04T09:56:11,"If you are planning to purchase anything from AJIO, please be careful and check everything properly. I ordered a T-shirt, but I received an old and apparently used product. The collar is dirty, and it looks like someone had worn it and then packed it and sent it to me. I immediately contacted customer care to request a return, but instead of resolving the issue, they keep cancelling my return request from their side and repeatedly extending the return date. I have been waiting for a long time,",1,https://play.google.com/store/apps/details?id=com.ril.ajio&reviewId=4d91b928-2ee7-41db-869e-27e47de5e9f6
04874b94-3b39-4355-963e-967cc6414c9c,play_store,ajio,2026-08-03T20:03:58,more size like xl XXL not available,4,https://play.google.com/store/apps/details?id=com.ril.ajio&reviewId=04874b94-3b39-4355-963e-967cc6414c9c
ac8bf5d6-5562-4340-962d-7f52badc6fb2,play_store,ajio,2026-08-03T15:07:12,"Don't fall for their promotional offers! I downloaded the app because they advertised ₹1,000 cashback and ₹500 off on the first order. While the ₹500 instant discount worked fine, the promised ₹1,000 cashback was never credited even after waiting for over 2 months. I reached out to customer support multiple times, but there was zero proper response or resolution. Extremely disappointing experience—worst app ever. Save yourself the hassle! Even when I call them at support they go on say will be",1,https://play.google.com/store/apps/details?id=com.ril.ajio&reviewId=ac8bf5d6-5562-4340-962d-7f52badc6fb2
7e6aa489-c23e-4d91-bfb3-6c5995fb5af4,play_store,ajio,2026-08-03T09:17:04,"kanjoos , not commitments, takes the order keeps Money, if price hiked cancel it . even escalation -no use, truely kanjoos response. bejng the first purchase - understood true faces and uninstalling app",1,https://play.google.com/store/apps/details?id=com.ril.ajio&reviewId=7e6aa489-c23e-4d91-bfb3-6c5995fb5af4
90b1760a-ebae-4536-b567-e3290fde2c7b,play_store,ajio,2026-08-02T10:26:38,good for shopping at reasonable price 😀,5,https://play.google.com/store/apps/details?id=com.ril.ajio&reviewId=90b1760a-ebae-4536-b567-e3290fde2c7b
402947e5-6fe9-4f54-9191-bed097f54802,play_store,ajio,2026-08-02T00:25:23,best quality product and affordable price,5,https://play.google.com/store/apps/details?id=com.ril.ajio&reviewId=402947e5-6fe9-4f54-9191-bed097f54802
67d06dee-a876-4e12-9190-fcef504cad35,play_store,ajio,2026-08-02T00:17:08,acha saman aata h lkn size ka hota h baby dresses m to plz usko samjhaiye ajio isliye majburi me kuch return bhi Krna pdta hai,4,https://play.google.com/store/apps/details?id=com.ril.ajio&reviewId=67d06dee-a876-4e12-9190-fcef504cad35
415e8314-c054-40c8-a753-bf92de7c75fe,play_store,ajio,2026-08-02T00:08:06,very poor app. I placed 3 orders from the app and all three products has quality issue and cloth was too transparent then I return the product and I didn't received the whole amount. they deducted amount without any prior updates on the app. Please do not order from this app if you really want to save your money and time too. No others app deduct money if you return any product except Ajio. their customer support is also pathetic.,1,https://play.google.com/store/apps/details?id=com.ril.ajio&reviewId=415e8314-c054-40c8-a753-bf92de7c75fe
beee8374-1083-4989-8ff6-7b40c2baa22a,play_store,ajio,2026-08-01T16:29:38,"The worst shopping app I have ever used. They accepted my order at a discounted price, only to cancel it themselves later. If you don't intend to honor your discounts or deliver the product, why advertise those offers in the first place?To make matters worse, your customer service is completely unhelpful. The only responses they seem to know are, ""Sorry, sir"" and ""I apologize, sir,"" without providing any real solution. My suggestion: you should consider renaming the app to ""Chor App."".",1,https://play.google.com/store/apps/details?id=com.ril.ajio&reviewId=beee8374-1083-4989-8ff6-7b40c2baa22a
910d3861-c46d-42c8-ae78-54593d376b47,play_store,ajio,2026-08-01T15:19:41,price are to high by other s,2,https://play.google.com/store/apps/details?id=com.ril.ajio&reviewId=910d3861-c46d-42c8-ae78-54593d376b47
eec87b2f-7e4e-4b2b-88c0-96e7b591a6d7,play_store,ajio,2026-08-01T08:50:35,very good price 👌,5,https://play.google.com/store/apps/details?id=com.ril.ajio&reviewId=eec87b2f-7e4e-4b2b-88c0-96e7b591a6d7
43aa0f3f-fd0d-47b4-958a-8970a7cbf536,play_store,ajio,2026-08-01T08:14:08,good price..,4,https://play.google.com/store/apps/details?id=com.ril.ajio&reviewId=43aa0f3f-fd0d-47b4-958a-8970a7cbf536
d7c46ec3-6f9c-4cfd-9dba-6655060a3574,play_store,ajio,2026-08-01T00:15:53,prices are too high if they are reliable it is more useful,3,https://play.google.com/store/apps/details?id=com.ril.ajio&reviewId=d7c46ec3-6f9c-4cfd-9dba-6655060a3574
2bfab3f1-faa4-4448-98ed-55685622b63a,play_store,ajio,2026-07-31T23:37:49,product at quite reasonable prices,4,https://play.google.com/store/apps/details?id=com.ril.ajio&reviewId=2bfab3f1-faa4-4448-98ed-55685622b63a
3edbff70-3806-4681-af49-fc80fc510a03,play_store,ajio,2026-07-31T23:20:45,worst app ...i ordered 10 pants each one price 260 total 2600 rupees payment done....but order canceled automatically..amount refunded 196 rupees per item....i lost 640 rupees...customer care not working properly....automatically call ended.....ajio worst app.....ajio not responding......number of times my orders are canceled automatically.....costumer care doesn't respond... worst app.....please don't use...,1,https://play.google.com/store/apps/details?id=com.ril.ajio&reviewId=3edbff70-3806-4681-af49-fc80fc510a03
2c72f1b5-48d2-482c-ad91-5440c0b60d56,play_store,ajio,2026-07-31T15:49:58,often glitches and products in wishlist keeps on disappearing,1,https://play.google.com/store/apps/details?id=com.ril.ajio&reviewId=2c72f1b5-48d2-482c-ad91-5440c0b60d56
a52a1d90-23da-4d63-960d-f9208a256e00,play_store,ajio,2026-07-31T08:51:06,best to online purchase,5,https://play.google.com/store/apps/details?id=com.ril.ajio&reviewId=a52a1d90-23da-4d63-960d-f9208a256e00
e2658d8b-96ac-4189-8f11-9873c95510b9,play_store,ajio,2026-07-31T01:25:34,total waste quality products and i have returned orders but they not given my money back I lost my money don't use this app and don't buy anything from this app totally fake and cheap quality products,1,https://play.google.com/store/apps/details?id=com.ril.ajio&reviewId=e2658d8b-96ac-4189-8f11-9873c95510b9
058da720-ae75-4854-8361-15e6b287b607,play_store,ajio,2026-07-31T00:44:29,super app for online purchases,4,https://play.google.com/store/apps/details?id=com.ril.ajio&reviewId=058da720-ae75-4854-8361-15e6b287b607
94e296ec-3338-4dca-9a0c-140624b1df2b,play_store,ajio,2026-07-30T23:33:39,Ajio doesn't give any reward to any referral . I have done 3 referrals and my 3 friend's first purchases have completed but ajio doesn't give any reward. Ajio is scammed with me. worst experience,1,https://play.google.com/store/apps/details?id=com.ril.ajio&reviewId=94e296ec-3338-4dca-9a0c-140624b1df2b
815fe89e-3a42-4881-9c9f-fc6678581ddf,play_store,ajio,2026-07-30T18:30:48,bahut costly hai,1,https://play.google.com/store/apps/details?id=com.ril.ajio&reviewId=815fe89e-3a42-4881-9c9f-fc6678581ddf
2e6a8d5e-d575-4f5b-bb15-07e4452c2492,play_store,ajio,2026-07-30T17:53:01,"WARNING: Avoid AJIO. Worst shopping experience ever. I received a product without the brand label and price tag, shared clear photos, yet support kept repeating ""correct product shipped"" without properly verifying my complaint. The return process was a nightmare, full of scripted replies, false assurances, and wasted time. They don't solve problems they just close tickets. Save your money, time, and patience. Shop elsewhere.",1,https://play.google.com/store/apps/details?id=com.ril.ajio&reviewId=2e6a8d5e-d575-4f5b-bb15-07e4452c2492
247e201d-a034-468c-9447-60938880cbaa,play_store,ajio,2026-07-30T17:37:15,I have purchased one dress and then I got a dress with different design and it was so poor in quality I was not even satisfied with the dress then I thought of returning back then they took extra 40 rupees and later on they did not even come to receive my parcel then now when I am opening my costomer care service there it is showing that it wont be able to return. I am very disappointed ajio .so collet the parcel within one day and return my money.,1,https://play.google.com/store/apps/details?id=com.ril.ajio&reviewId=247e201d-a034-468c-9447-60938880cbaa
493ac420-7f15-428a-8900-ddf40907e043,play_store,ajio,2026-07-30T16:11:44,very Good App for Using Fashion Clothings Some are very Cheap and best,5,https://play.google.com/store/apps/details?id=com.ril.ajio&reviewId=493ac420-7f15-428a-8900-ddf40907e043
d062aa27-832b-4c20-a012-c476679ecfdd,play_store,ajio,2026-07-30T15:48:15,Very poor customer service. I placed an order on 24th July which was supposed to be delivered by 3rd August. But today 30th July when I checked my order status it was showing order cancelled & refund initiated. If there was no stock or some other issue you could have shown in the app no stock or not deliverable while placing order. Why did it took you 6days to notice the issue. What if it is for some urgent purpose & you do this in last moment. Very bad. I am disappointed. It's because of price.,1,https://play.google.com/store/apps/details?id=com.ril.ajio&reviewId=d062aa27-832b-4c20-a012-c476679ecfdd
792c190c-89f2-413f-94e8-131f4266868f,play_store,ajio,2026-07-30T15:21:32,AJIO not provide facility of entering product review with real image. if real image provided in review by other customers it will be very useful for purchasing and people can save their time from return process of product. AJIO must have to provide informations about super cash and money deducted from payment mode for each product in order. so customer can get clear idea about how much they spending from payment mode for individual product.,2,https://play.google.com/store/apps/details?id=com.ril.ajio&reviewId=792c190c-89f2-413f-94e8-131f4266868f
f96893ae-134c-4c3d-a41c-b8d5124367bf,play_store,ajio,2026-07-30T15:14:06,Best price,5,https://play.google.com/store/apps/details?id=com.ril.ajio&reviewId=f96893ae-134c-4c3d-a41c-b8d5124367bf
45cc00c0-9fe1-4626-8679-2eefde89922f,play_store,ajio,2026-07-30T12:31:30,"Don't buy from AJIO if you expect easy exchanges. I ordered XXL but needed L. When I requested an exchange, it said my address wasn't serviceable, so I had to return it and pay a ₹29 convenience fee. The strange part? The same product in size L is deliverable to the same address if I place a new order. How is delivery possible but exchange isn't? Very disappointing experience.",1,https://play.google.com/store/apps/details?id=com.ril.ajio&reviewId=45cc00c0-9fe1-4626-8679-2eefde89922f
29eaadde-7812-4cec-9940-89730228b346,play_store,ajio,2026-07-30T12:23:32,"worst app i have ever seen never order on ajio one shirt take 1week to deliver... they said that product will be delivered in 4days on 4th day they shown delayed without any reason and extended 4 more days on 4th I havent received my order yet. be aware that jio is a brand who only take from costumer they dont provide you any service nothing. you can see in any field Sim,food,clothes etc first they give free and then they take every single rupee but dont give service.. I WILL NOT RECOMMEND",1,https://play.google.com/store/apps/details?id=com.ril.ajio&reviewId=29eaadde-7812-4cec-9940-89730228b346
b3e49c0a-893a-493b-9fdf-792fa00dc11d,play_store,ajio,2026-07-30T04:08:26,Me Ajio New Costumer And good Aap,4,https://play.google.com/store/apps/details?id=com.ril.ajio&reviewId=b3e49c0a-893a-493b-9fdf-792fa00dc11d
666d220c-ae20-4317-accd-bb3304af5f41,play_store,ajio,2026-07-30T00:19:51,"I ordered a pair of Red Tape shoes, but I received something completely different. The box was from Red Tape, but inside it was an old, used pair of shoes. This is completely unacceptable. I want a full refund at any cost. This has been the worst shopping experience of my life with AJIO. Please resolve this issue immediately.",1,https://play.google.com/store/apps/details?id=com.ril.ajio&reviewId=666d220c-ae20-4317-accd-bb3304af5f41
